Outreach Rank,Outreach Score /100,Company Name,Segment,Phone Number,Phone Type,Contact Channel,Best Time To Call,Ask For,Contact Approach,Location,Industry,Services,Google Reviews (verified),Google Rating (verified),Website,Web Dev Opportunity,Lead Score /100,Outreach Breakdown,Opening Line
1,99,HydroGreen Heating and Gas Engineering,domestic trade,07443 365157,mobile,Direct mobile call (SMS/WhatsApp acceptable),07:30-08:30 or 17:00-18:30,whoever answers - it is the owner,"Sole trader or owner-operator carrying the business phone. They decide instantly and hate admin. Keep it under 60 seconds. Do not call 09:00-16:00, they are on jobs and will resent it. Lead with their volume: 543 Google reviews means heavy inbound, so ask what happens to enquiries that arrive while they are under a boiler.","Erdington, Birmingham",Gas & Heating Engineering,"Boiler repair, gas safety certs, electrical",543,5.0,,"unconfirmed - all website lookups failed, verify manually",91,"reach[mobile]=25/25 segment[domestic trade]=25/25 demand=29/30 (543 reviews, 98% of domestic trade) reputation=20/20 (5.0 excellent)","Quick one. When someone contacts HydroGreen Heating and Gas Engineering outside working hours, what happens to that enquiry?"
2,98,Pipe Guys (Bham) Ltd,domestic trade,07869 837241,mobile,Direct mobile call (SMS/WhatsApp acceptable),07:30-08:30 or 17:00-18:30,whoever answers - it is the owner,"Sole trader or owner-operator carrying the business phone. They decide instantly and hate admin. Keep it under 60 seconds. Do not call 09:00-16:00, they are on jobs and will resent it. Lead with their volume: 409 Google reviews means heavy inbound, so ask what happens to enquiries that arrive while they are under a boiler.","Castle Bromwich, Birmingham",Gas & Pipework Engineering,"Gas line install, boiler fitting, pipework",409,4.9,,"unconfirmed - all website lookups failed, verify manually",91,"reach[mobile]=25/25 segment[domestic trade]=25/25 demand=28/30 (409 reviews, 94% of domestic trade) reputation=20/20 (4.9 excellent)","Quick one. When someone contacts Pipe Guys (Bham) Ltd outside working hours, what happens to that enquiry?"
3,96,The Gas Pro,domestic trade,07830 448127,mobile,Direct mobile call (SMS/WhatsApp acceptable),07:30-08:30 or 17:00-18:30,whoever answers - it is the owner,"Sole trader or owner-operator carrying the business phone. They decide instantly and hate admin. Keep it under 60 seconds. Do not call 09:00-16:00, they are on jobs and will resent it. Lead with their volume: 259 Google reviews means heavy inbound, so ask what happens to enquiries that arrive while they are under a boiler.","Bishopsworth, Bristol",Gas Engineering,"Boiler installation, gas servicing",259,5.0,,"unconfirmed - all website lookups failed, verify manually",91,"reach[mobile]=25/25 segment[domestic trade]=25/25 demand=26/30 (259 reviews, 86% of domestic trade) reputation=20/20 (5.0 excellent)","Quick one. When someone contacts The Gas Pro outside working hours, what happens to that enquiry?"
4,96,Blaymires Plumbing & Heating,domestic trade,07961 863549,mobile,Direct mobile call (SMS/WhatsApp acceptable),07:30-08:30 or 17:00-18:30,whoever answers - it is the owner,"Sole trader or owner-operator carrying the business phone. They decide instantly and hate admin. Keep it under 60 seconds. Do not call 09:00-16:00, they are on jobs and will resent it. Lead with their volume: 267 Google reviews means heavy inbound, so ask what happens to enquiries that arrive while they are under a boiler.","Beeston, Leeds",Gas & Heating Engineering,"Boiler installation, emergency repair",267,4.9,,"unconfirmed - all website lookups failed, verify manually",91,"reach[mobile]=25/25 segment[domestic trade]=25/25 demand=26/30 (267 reviews, 88% of domestic trade) reputation=20/20 (4.9 excellent)","Quick one. When someone contacts Blaymires Plumbing & Heating outside working hours, what happens to that enquiry?"
5,95,I-Fix Gas & Heating,domestic trade,07598 278491,mobile,Direct mobile call (SMS/WhatsApp acceptable),07:30-08:30 or 17:00-18:30,whoever answers - it is the owner,"Sole trader or owner-operator carrying the business phone. They decide instantly and hate admin. Keep it under 60 seconds. Do not call 09:00-16:00, they are on jobs and will resent it. 187 reviews shows steady demand - ask how they handle enquiries while on a job.",Birmingham,Gas & Heating Engineering,"Boiler replacement, radiator work",187,5.0,,unknown - website discovery not run,91,"reach[mobile]=25/25 segment[domestic trade]=25/25 demand=25/30 (187 reviews, 82% of domestic trade) reputation=20/20 (5.0 excellent)","Quick one. When someone contacts I-Fix Gas & Heating outside working hours, what happens to that enquiry?"
6,95,Secure Gas 247,domestic trade,07515 314131,mobile,Direct mobile call (SMS/WhatsApp acceptable),07:30-08:30 or 17:00-18:30,whoever answers - it is the owner,"Sole trader or owner-operator carrying the business phone. They decide instantly and hate admin. Keep it under 60 seconds. Do not call 09:00-16:00, they are on jobs and will resent it. 198 reviews shows steady demand - ask how they handle enquiries while on a job.","Roundhay, Leeds",Gas Engineering,"Emergency boiler repair, gas certs",198,5.0,,unknown - website discovery not run,91,"reach[mobile]=25/25 segment[domestic trade]=25/25 demand=25/30 (198 reviews, 84% of domestic trade) reputation=20/20 (5.0 excellent)","Quick one. When someone contacts Secure Gas 247 outside working hours, what happens to that enquiry?"
7,94,Oil Tank Replacements Ltd,domestic trade,07875 639214,mobile,Direct mobile call (SMS/WhatsApp acceptable),07:30-08:30 or 17:00-18:30,whoever answers - it is the owner,"Sole trader or owner-operator carrying the business phone. They decide instantly and hate admin. Keep it under 60 seconds. Do not call 09:00-16:00, they are on jobs and will resent it. 180 reviews shows steady demand - ask how they handle enquiries while on a job.","Cullompton, Devon",Oil Infrastructure Services,Oil tank replacement and decommissioning,180,5.0,,unknown - website discovery not run,91,"reach[mobile]=25/25 segment[domestic trade]=25/25 demand=24/30 (180 reviews, 81% of domestic trade) reputation=20/20 (5.0 excellent)","Quick one. When a customer rings Oil Tank Replacements Ltd to order fuel out of hours, what happens to that enquiry?"
8,94,Gas Safety Manchester Limited,domestic trade,07546 245568,mobile,Direct mobile call (SMS/WhatsApp acceptable),07:30-08:30 or 17:00-18:30,whoever answers - it is the owner,"Sole trader or owner-operator carrying the business phone. They decide instantly and hate admin. Keep it under 60 seconds. Do not call 09:00-16:00, they are on jobs and will resent it. 168 reviews shows steady demand - ask how they handle enquiries while on a job.",Manchester,Gas Engineering,"Gas safety certificates, appliance connection",168,5.0,,unknown - website discovery not run,91,"reach[mobile]=25/25 segment[domestic trade]=25/25 demand=24/30 (168 reviews, 79% of domestic trade) reputation=20/20 (5.0 excellent)","Quick one. When someone contacts Gas Safety Manchester Limited outside working hours, what happens to that enquiry?"
9,92,SA Heating Services,domestic trade,07507 809262,mobile,Direct mobile call (SMS/WhatsApp acceptable),07:30-08:30 or 17:00-18:30,whoever answers - it is the owner,"Sole trader or owner-operator carrying the business phone. They decide instantly and hate admin. Keep it under 60 seconds. Do not call 09:00-16:00, they are on jobs and will resent it. 153 reviews shows steady demand - ask how they handle enquiries while on a job.",Glasgow,Gas & Heating Engineering,"Boiler install, powerflushing",153,5.0,,unknown - website discovery not run,91,"reach[mobile]=25/25 segment[domestic trade]=25/25 demand=22/30 (153 reviews, 72% of domestic trade) reputation=20/20 (5.0 excellent)","Quick one. When someone contacts SA Heating Services outside working hours, what happens to that enquiry?"
10,91,Gas & Plumbing Services Leeds,domestic trade,07552 765263,mobile,Direct mobile call (SMS/WhatsApp acceptable),07:30-08:30 or 17:00-18:30,whoever answers - it is the owner,"Sole trader or owner-operator carrying the business phone. They decide instantly and hate admin. Keep it under 60 seconds. Do not call 09:00-16:00, they are on jobs and will resent it. 144 reviews shows steady demand - ask how they handle enquiries while on a job.",Leeds,Gas & Heating Engineering,"Boiler repair, install, emergency plumbing",144,5.0,,unknown - website discovery not run,91,"reach[mobile]=25/25 segment[domestic trade]=25/25 demand=21/30 (144 reviews, 69% of domestic trade) reputation=20/20 (5.0 excellent)","Quick one. When someone contacts Gas & Plumbing Services Leeds outside working hours, what happens to that enquiry?"
11,91,SHiNE / EPC Bristol,commercial trade,07722 287177,mobile,Direct mobile call,07:30-08:30 or 17:00-18:30,whoever answers - it is the owner,"Owner-run commercial outfit. They decide on the spot. Lead on missed out-of-hours enquiries from commercial clients, where a lost call is a lost contract.","Redcliffe, Bristol",Energy Assessment,EPC certification,116,5.0,,unknown - website discovery not run,91,"reach[mobile]=25/25 segment[commercial trade]=20/25 demand=26/30 (116 reviews, 86% of commercial trade) reputation=20/20 (5.0 excellent)","Quick one. When someone contacts SHiNE / EPC Bristol outside working hours, what happens to that enquiry?"
12,90,A+R Central Heating,domestic trade,0161 220 3712,landline,"Office phone, follow up by email","Tue-Thu, 09:00-11:00 or 16:00-17:00",the owner or whoever books the diary,"Landline means an office with someone on the desk - often a partner or part-time admin. They are the gatekeeper and also the person whose workload you are offering to cut, so make them the ally. Lead with their volume: 1581 Google reviews means heavy inbound, so ask what happens to enquiries that arrive while they are under a boiler.","Openshaw, Manchester",Gas & Heating Engineering,"Boiler repair, heating service contracts",1581,4.9,,"unconfirmed - all website lookups failed, verify manually",91,"reach[landline]=15/25 segment[domestic trade]=25/25 demand=30/30 (1581 reviews, 99% of domestic trade) reputation=20/20 (4.9 excellent)","Quick one. When someone contacts A+R Central Heating outside working hours, what happens to that enquiry?"
13,90,Nottingham Plumbing and Heating Services,domestic trade,07795 350018,mobile,Direct mobile call (SMS/WhatsApp acceptable),07:30-08:30 or 17:00-18:30,whoever answers - it is the owner,"Sole trader or owner-operator carrying the business phone. They decide instantly and hate admin. Keep it under 60 seconds. Do not call 09:00-16:00, they are on jobs and will resent it. 133 reviews shows steady demand - ask how they handle enquiries while on a job.","Carlton, Nottingham",Gas & Heating Engineering,"Boiler repair, gas pipe replacement",133,4.8,,unknown - website discovery not run,91,"reach[mobile]=25/25 segment[domestic trade]=25/25 demand=20/30 (133 reviews, 66% of domestic trade) reputation=20/20 (4.8 excellent)","Quick one. When someone contacts Nottingham Plumbing and Heating Services outside working hours, what happens to that enquiry?"
14,89,MCR Gas,domestic trade,0161 660 6063,landline,"Office phone, follow up by email","Tue-Thu, 09:00-11:00 or 16:00-17:00",the owner or whoever books the diary,"Landline means an office with someone on the desk - often a partner or part-time admin. They are the gatekeeper and also the person whose workload you are offering to cut, so make them the ally. Lead with their volume: 467 Google reviews means heavy inbound, so ask what happens to enquiries that arrive while they are under a boiler.","Bury, Manchester",Gas Engineering,"Boiler install, service, gas safety certs",467,4.9,,"unconfirmed - all website lookups failed, verify manually",91,"reach[landline]=15/25 segment[domestic trade]=25/25 demand=29/30 (467 reviews, 96% of domestic trade) reputation=20/20 (4.9 excellent)","Quick one. When someone contacts MCR Gas outside working hours, what happens to that enquiry?"
15,89,Phil Humberstone Plumbing And Heating,domestic trade,07774 277203,mobile,Direct mobile call (SMS/WhatsApp acceptable),07:30-08:30 or 17:00-18:30,whoever answers - it is the owner,"Sole trader or owner-operator carrying the business phone. They decide instantly and hate admin. Keep it under 60 seconds. Do not call 09:00-16:00, they are on jobs and will resent it. 114 reviews shows steady demand - ask how they handle enquiries while on a job.","Mapperley, Nottingham",Gas & Heating Engineering,Boiler install and servicing,114,4.8,,unknown - website discovery not run,91,"reach[mobile]=25/25 segment[domestic trade]=25/25 demand=19/30 (114 reviews, 62% of domestic trade) reputation=20/20 (4.8 excellent)","Quick one. When someone contacts Phil Humberstone Plumbing And Heating outside working hours, what happens to that enquiry?"
16,88,Peter Foster Engineering Ltd,domestic trade,07725 986933,mobile,Direct mobile call (SMS/WhatsApp acceptable),07:30-08:30 or 17:00-18:30,whoever answers - it is the owner,"Sole trader or owner-operator carrying the business phone. They decide instantly and hate admin. Keep it under 60 seconds. Do not call 09:00-16:00, they are on jobs and will resent it. 95 reviews shows steady demand - ask how they handle enquiries while on a job.",Bristol,Structural Engineering,Structural calculations and design,95,5.0,,unknown - website discovery not run,91,"reach[mobile]=25/25 segment[domestic trade]=25/25 demand=18/30 (95 reviews, 61% of domestic trade) reputation=20/20 (5.0 excellent)","Quick one. When someone contacts Peter Foster Engineering Ltd outside working hours, what happens to that enquiry?"
17,88,Mega Gas Services Ltd,domestic trade,07913 906111,mobile,Direct mobile call (SMS/WhatsApp acceptable),07:30-08:30 or 17:00-18:30,whoever answers - it is the owner,"Sole trader or owner-operator carrying the business phone. They decide instantly and hate admin. Keep it under 60 seconds. Do not call 09:00-16:00, they are on jobs and will resent it. 92 reviews shows steady demand - ask how they handle enquiries while on a job.",Nottingham,Gas Engineering,"Boiler replacement, heating pipework",92,5.0,,unknown - website discovery not run,91,"reach[mobile]=25/25 segment[domestic trade]=25/25 demand=18/30 (92 reviews, 59% of domestic trade) reputation=20/20 (5.0 excellent)","Quick one. When someone contacts Mega Gas Services Ltd outside working hours, what happens to that enquiry?"
18,87,Gas Safe (Bristol),domestic trade,0117 964 0078,landline,"Office phone, follow up by email","Tue-Thu, 09:00-11:00 or 16:00-17:00",the owner or whoever books the diary,"Landline means an office with someone on the desk - often a partner or part-time admin. They are the gatekeeper and also the person whose workload you are offering to cut, so make them the ally. Lead with their volume: 313 Google reviews means heavy inbound, so ask what happens to enquiries that arrive while they are under a boiler.","Bedminster, Bristol",Gas & Renewable Engineering,"Gas, electrical, solar installation",313,4.9,,"unconfirmed - all website lookups failed, verify manually",91,"reach[landline]=15/25 segment[domestic trade]=25/25 demand=27/30 (313 reviews, 91% of domestic trade) reputation=20/20 (4.9 excellent)","Quick one. When someone contacts Gas Safe (Bristol) outside working hours, what happens to that enquiry?"
19,87,Plumbco Heating,domestic trade,0117 901 2266,landline,"Office phone, follow up by email","Tue-Thu, 09:00-11:00 or 16:00-17:00",the owner or whoever books the diary,"Landline means an office with someone on the desk - often a partner or part-time admin. They are the gatekeeper and also the person whose workload you are offering to cut, so make them the ally. Lead with their volume: 286 Google reviews means heavy inbound, so ask what happens to enquiries that arrive while they are under a boiler.",Bristol,Gas & Heating Engineering,"Boiler install, AC, heating systems",286,4.9,,"unconfirmed - all website lookups failed, verify manually",91,"reach[landline]=15/25 segment[domestic trade]=25/25 demand=27/30 (286 reviews, 89% of domestic trade) reputation=20/20 (4.9 excellent)","Quick one. When someone contacts Plumbco Heating outside working hours, what happens to that enquiry?"
20,87,Hybrid Heating and Gas LTD,domestic trade,07515 535835,mobile,Direct mobile call (SMS/WhatsApp acceptable),07:30-08:30 or 17:00-18:30,whoever answers - it is the owner,"Sole trader or owner-operator carrying the business phone. They decide instantly and hate admin. Keep it under 60 seconds. Do not call 09:00-16:00, they are on jobs and will resent it. 86 reviews shows steady demand - ask how they handle enquiries while on a job.","Bridgend, Wales",Gas & Oil Heating Engineering,"Gas safety, oil-fired boiler service and install",86,5.0,,unknown - website discovery not run,91,"reach[mobile]=25/25 segment[domestic trade]=25/25 demand=17/30 (86 reviews, 56% of domestic trade) reputation=20/20 (5.0 excellent)","Quick one. When someone contacts Hybrid Heating and Gas LTD outside working hours, what happens to that enquiry?"
21,86,Core Plumbing Heating Gas Ltd,domestic trade,07506 298849,mobile,Direct mobile call (SMS/WhatsApp acceptable),07:30-08:30 or 17:00-18:30,whoever answers - it is the owner,"Sole trader or owner-operator carrying the business phone. They decide instantly and hate admin. Keep it under 60 seconds. Do not call 09:00-16:00, they are on jobs and will resent it. 79 reviews shows steady demand - ask how they handle enquiries while on a job.","Chapel Allerton, Leeds",Gas & Heating Engineering,"Boiler repair, extension plumbing",79,4.8,,unknown - website discovery not run,91,"reach[mobile]=25/25 segment[domestic trade]=25/25 demand=16/30 (79 reviews, 54% of domestic trade) reputation=20/20 (4.8 excellent)","Quick one. When someone contacts Core Plumbing Heating Gas Ltd outside working hours, what happens to that enquiry?"
22,86,"G.S. Plumbing, Heating & Gas",domestic trade,07952 030504,mobile,Direct mobile call (SMS/WhatsApp acceptable),07:30-08:30 or 17:00-18:30,whoever answers - it is the owner,"Sole trader or owner-operator carrying the business phone. They decide instantly and hate admin. Keep it under 60 seconds. Do not call 09:00-16:00, they are on jobs and will resent it. 78 reviews shows steady demand - ask how they handle enquiries while on a job.","Giffnock, Glasgow",Gas & Heating Engineering,"Boiler install, radiators, bathrooms",78,4.9,,unknown - website discovery not run,91,"reach[mobile]=25/25 segment[domestic trade]=25/25 demand=16/30 (78 reviews, 52% of domestic trade) reputation=20/20 (4.9 excellent)","Quick one. When someone contacts G.S. Plumbing, Heating & Gas outside working hours, what happens to that enquiry?"
23,85,Gaswise Engineering,domestic trade,07514 717070,mobile,Direct mobile call (SMS/WhatsApp acceptable),07:30-08:30 or 17:00-18:30,whoever answers - it is the owner,"Sole trader or owner-operator carrying the business phone. They decide instantly and hate admin. Keep it under 60 seconds. Do not call 09:00-16:00, they are on jobs and will resent it. 76 reviews shows steady demand - ask how they handle enquiries while on a job.",Leeds,Gas Engineering,"Boiler install, gas engineering",76,5.0,,unknown - website discovery not run,91,"reach[mobile]=25/25 segment[domestic trade]=25/25 demand=15/30 (76 reviews, 50% of domestic trade) reputation=20/20 (5.0 excellent)","Quick one. When someone contacts Gaswise Engineering outside working hours, what happens to that enquiry?"
24,85,IFix Gas Glasgow,domestic trade,07835 060679,mobile,Direct mobile call (SMS/WhatsApp acceptable),07:30-08:30 or 17:00-18:30,whoever answers - it is the owner,"Sole trader or owner-operator carrying the business phone. They decide instantly and hate admin. Keep it under 60 seconds. Do not call 09:00-16:00, they are on jobs and will resent it. 76 reviews shows steady demand - ask how they handle enquiries while on a job.",Glasgow,Gas Engineering,"Boiler replacement, gas leak repair",76,4.9,,unknown - website discovery not run,91,"reach[mobile]=25/25 segment[domestic trade]=25/25 demand=15/30 (76 reviews, 50% of domestic trade) reputation=20/20 (4.9 excellent)","Quick one. When someone contacts IFix Gas Glasgow outside working hours, what happens to that enquiry?"
25,85,Trenchless Installations,b2b industrial,07595 024915,mobile,"Phone, then email a one-pager","Tue-Thu, 09:00-10:30","works manager, general manager or director","Shop-floor businesses rarely buy on a first call. Open on trade credibility - quoting turnaround, drawing handling, enquiry tracking - not on Google reviews, which this sector does not collect. Expect two or three touches.",Edinburgh,Pipeline Contracting,Trenchless lead pipe replacement,38,5.0,,unknown - website discovery not run,91,"reach[mobile]=25/25 segment[b2b industrial]=10/25 demand=30/30 (38 reviews, 99% of b2b industrial) reputation=20/20 (5.0 excellent)",Quick one. How does Trenchless Installations currently handle enquiry intake and quoting when the team is stretched?
26,84,"Gregor Heating, Electrical & Renewable Energy",domestic trade,0117 935 2400,landline,"Office phone, follow up by email","Tue-Thu, 09:00-11:00 or 16:00-17:00",the owner or whoever books the diary,"Landline means an office with someone on the desk - often a partner or part-time admin. They are the gatekeeper and also the person whose workload you are offering to cut, so make them the ally. Lead with their volume: 340 Google reviews means heavy inbound, so ask what happens to enquiries that arrive while they are under a boiler.","Warmley, Bristol","Gas, Electrical & Renewable Engineering","Heating, EV, solar, service plans",340,4.6,,"unconfirmed - all website lookups failed, verify manually",91,"reach[landline]=15/25 segment[domestic trade]=25/25 demand=28/30 (340 reviews, 92% of domestic trade) reputation=16/20 (4.6 strong)","Quick one. When someone contacts Gregor Heating, Electrical & Renewable Energy outside working hours, what happens to that enquiry?"
27,83,Osprey Engineering Solutions Ltd,commercial trade,0121 720 3356,landline,"Office phone, follow up by email","Tue-Thu, 09:00-11:00",contracts manager or operations manager,"An admin will screen. Ask for the person who handles incoming enquiries by role, not by name you do not have. Angle on service contracts and planned maintenance scheduling.",Birmingham,Engineering Recruitment/Consultancy,Engineering recruitment and consultancy,306,5.0,,"unconfirmed - all website lookups failed, verify manually",91,"reach[landline]=15/25 segment[commercial trade]=20/25 demand=28/30 (306 reviews, 92% of commercial trade) reputation=20/20 (5.0 excellent)","Quick one. When someone contacts Osprey Engineering Solutions Ltd outside working hours, what happens to that enquiry?"
28,83,Ashton Gas,domestic trade,0117 370 1849,landline,"Office phone, follow up by email","Tue-Thu, 09:00-11:00 or 16:00-17:00",the owner or whoever books the diary,"Landline means an office with someone on the desk - often a partner or part-time admin. They are the gatekeeper and also the person whose workload you are offering to cut, so make them the ally. 165 reviews shows steady demand - ask how they handle enquiries while on a job.",Bristol,Gas Engineering,"Gas safety checks, boiler servicing",165,5.0,,unknown - website discovery not run,91,"reach[landline]=15/25 segment[domestic trade]=25/25 demand=23/30 (165 reviews, 78% of domestic trade) reputation=20/20 (5.0 excellent)","Quick one. When someone contacts Ashton Gas outside working hours, what happens to that enquiry?"
29,83,Gaswise UK,domestic trade,07747 145211,mobile,Direct mobile call (SMS/WhatsApp acceptable),07:30-08:30 or 17:00-18:30,whoever answers - it is the owner,"Sole trader or owner-operator carrying the business phone. They decide instantly and hate admin. Keep it under 60 seconds. Do not call 09:00-16:00, they are on jobs and will resent it. 87 reviews shows steady demand - ask how they handle enquiries while on a job.",Nottingham,Gas Engineering,"Boiler service, gas safety",87,4.7,,unknown - website discovery not run,91,"reach[mobile]=25/25 segment[domestic trade]=25/25 demand=17/30 (87 reviews, 57% of domestic trade) reputation=16/20 (4.7 strong)","Quick one. When someone contacts Gaswise UK outside working hours, what happens to that enquiry?"
30,82,Bristol Gas Servicing Ltd,domestic trade,07453 279004,mobile,Direct mobile call (SMS/WhatsApp acceptable),07:30-08:30 or 17:00-18:30,whoever answers - it is the owner,"Sole trader or owner-operator carrying the business phone. They decide instantly and hate admin. Keep it under 60 seconds. Do not call 09:00-16:00, they are on jobs and will resent it. 64 reviews shows steady demand - ask how they handle enquiries while on a job.","Kingswood, Bristol",Gas Engineering,"Boiler repair, replacement, servicing",64,5.0,,unknown - website discovery not run,91,"reach[mobile]=25/25 segment[domestic trade]=25/25 demand=12/30 (64 reviews, 42% of domestic trade) reputation=20/20 (5.0 excellent)","Quick one. When someone contacts Bristol Gas Servicing Ltd outside working hours, what happens to that enquiry?"
31,82,Glasgow Boiler Repairs,domestic trade,0141 766 1511,landline,"Office phone, follow up by email","Tue-Thu, 09:00-11:00 or 16:00-17:00",the owner or whoever books the diary,"Landline means an office with someone on the desk - often a partner or part-time admin. They are the gatekeeper and also the person whose workload you are offering to cut, so make them the ally. 154 reviews shows steady demand - ask how they handle enquiries while on a job.",Glasgow,Gas & Heating Engineering,"Boiler install, radiator systems",154,4.9,,unknown - website discovery not run,91,"reach[landline]=15/25 segment[domestic trade]=25/25 demand=22/30 (154 reviews, 74% of domestic trade) reputation=20/20 (4.9 excellent)","Quick one. When someone contacts Glasgow Boiler Repairs outside working hours, what happens to that enquiry?"
32,82,The Waterman Scotland Ltd,b2b industrial,07917 906309,mobile,"Phone, then email a one-pager","Tue-Thu, 09:00-10:30","works manager, general manager or director","Shop-floor businesses rarely buy on a first call. Open on trade credibility - quoting turnaround, drawing handling, enquiry tracking - not on Google reviews, which this sector does not collect. Expect two or three touches.","Bridge of Allan, Stirling",Water Infrastructure Contracting,"Borehole drilling, filtration systems",17,4.9,,unknown - website discovery not run,91,"reach[mobile]=25/25 segment[b2b industrial]=10/25 demand=27/30 (17 reviews, 90% of b2b industrial) reputation=20/20 (4.9 excellent)","Quick one. When someone contacts The Waterman Scotland Ltd outside working hours, what happens to that enquiry?"
33,81,Rygol Electrical & Renewables,domestic trade,0117 313 7644,landline,"Office phone, follow up by email","Tue-Thu, 09:00-11:00 or 16:00-17:00",the owner or whoever books the diary,"Landline means an office with someone on the desk - often a partner or part-time admin. They are the gatekeeper and also the person whose workload you are offering to cut, so make them the ally. 146 reviews shows steady demand - ask how they handle enquiries while on a job.","Staple Hill, Bristol",Renewable Energy / Electrical,"Rewires, solar, battery installation",146,5.0,,unknown - website discovery not run,91,"reach[landline]=15/25 segment[domestic trade]=25/25 demand=21/30 (146 reviews, 71% of domestic trade) reputation=20/20 (5.0 excellent)","Quick one. When someone contacts Rygol Electrical & Renewables outside working hours, what happens to that enquiry?"
34,81,Ignite Gas Plumbing & Electrics Ltd,domestic trade,07494 671891,mobile,Direct mobile call (SMS/WhatsApp acceptable),07:30-08:30 or 17:00-18:30,whoever answers - it is the owner,"Sole trader or owner-operator carrying the business phone. They decide instantly and hate admin. Keep it under 60 seconds. Do not call 09:00-16:00, they are on jobs and will resent it. 57 reviews shows steady demand - ask how they handle enquiries while on a job.","Old Basford, Nottingham","Gas, Plumbing & Electrical","Boiler servicing, plumbing, electrics",57,5.0,,unknown - website discovery not run,91,"reach[mobile]=25/25 segment[domestic trade]=25/25 demand=11/30 (57 reviews, 36% of domestic trade) reputation=20/20 (5.0 excellent)","Quick one. When someone contacts Ignite Gas Plumbing & Electrics Ltd outside working hours, what happens to that enquiry?"
35,80,HeatWave Manchester,domestic trade,07842 799477,mobile,Direct mobile call (SMS/WhatsApp acceptable),07:30-08:30 or 17:00-18:30,whoever answers - it is the owner,"Sole trader or owner-operator carrying the business phone. They decide instantly and hate admin. Keep it under 60 seconds. Do not call 09:00-16:00, they are on jobs and will resent it. 50 reviews shows steady demand - ask how they handle enquiries while on a job.",Manchester,Gas & Heating Engineering,"Plumbing, heating, gas services",50,5.0,,unknown - website discovery not run,91,"reach[mobile]=25/25 segment[domestic trade]=25/25 demand=10/30 (50 reviews, 32% of domestic trade) reputation=20/20 (5.0 excellent)","Quick one. When someone contacts HeatWave Manchester outside working hours, what happens to that enquiry?"
36,80,Nottingham Gas & Plumbing,domestic trade,0115 775 8080,landline,"Office phone, follow up by email","Tue-Thu, 09:00-11:00 or 16:00-17:00",the owner or whoever books the diary,"Landline means an office with someone on the desk - often a partner or part-time admin. They are the gatekeeper and also the person whose workload you are offering to cut, so make them the ally. 138 reviews shows steady demand - ask how they handle enquiries while on a job.","Forest Fields, Nottingham",Gas & Plumbing Engineering,Emergency gas and plumbing services,138,4.8,,unknown - website discovery not run,91,"reach[landline]=15/25 segment[domestic trade]=25/25 demand=20/30 (138 reviews, 68% of domestic trade) reputation=20/20 (4.8 excellent)","Quick one. When someone contacts Nottingham Gas & Plumbing outside working hours, what happens to that enquiry?"
37,79,2nd City Gas Plumbing & Heating Ltd,domestic trade,0121 426 6014,landline,"Office phone, follow up by email","Tue-Thu, 09:00-11:00 or 16:00-17:00",the owner or whoever books the diary,"Landline means an office with someone on the desk - often a partner or part-time admin. They are the gatekeeper and also the person whose workload you are offering to cut, so make them the ally. 162 reviews shows steady demand - ask how they handle enquiries while on a job.","Harborne, Birmingham",Gas & Heating Engineering,"Boiler replacement, heating systems",162,4.5,,unknown - website discovery not run,91,"reach[landline]=15/25 segment[domestic trade]=25/25 demand=23/30 (162 reviews, 76% of domestic trade) reputation=16/20 (4.5 strong)","Quick one. When someone contacts 2nd City Gas Plumbing & Heating Ltd outside working hours, what happens to that enquiry?"
38,79,Star Multifuels,fuel distribution,01269 822703,landline,Phone the depot,"Mon-Thu, 10:00-11:30",depot manager or general manager,"Avoid early morning - drivers and deliveries dominate. Angle on order-taking and delivery scheduling: winter peaks bury them in phone orders. Skip cold weather snaps, they will have no time to talk.","Ammanford, Carmarthenshire",Oil & Multifuel Distribution,Heating oil and multifuel supply,188,4.8,,unknown - website discovery not run,91,"reach[landline]=15/25 segment[fuel distribution]=15/25 demand=29/30 (188 reviews, 95% of fuel distribution) reputation=20/20 (4.8 excellent)","Quick one. When a customer rings Star Multifuels to order fuel out of hours, what happens to that enquiry?"
39,79,Boiler Repair Glasgow,domestic trade,0141 280 0548,landline,"Office phone, follow up by email","Tue-Thu, 09:00-11:00 or 16:00-17:00",the owner or whoever books the diary,"Landline means an office with someone on the desk - often a partner or part-time admin. They are the gatekeeper and also the person whose workload you are offering to cut, so make them the ally. 117 reviews shows steady demand - ask how they handle enquiries while on a job.",Glasgow,Gas & Heating Engineering,Boiler repair and installation,117,5.0,,unknown - website discovery not run,91,"reach[landline]=15/25 segment[domestic trade]=25/25 demand=19/30 (117 reviews, 64% of domestic trade) reputation=20/20 (5.0 excellent)","Quick one. When someone contacts Boiler Repair Glasgow outside working hours, what happens to that enquiry?"
40,79,GSR Gas & Plumbing Services,domestic trade,07429 700844,mobile,Direct mobile call (SMS/WhatsApp acceptable),07:30-08:30 or 17:00-18:30,whoever answers - it is the owner,"Sole trader or owner-operator carrying the business phone. They decide instantly and hate admin. Keep it under 60 seconds. Do not call 09:00-16:00, they are on jobs and will resent it.","Meanwood, Leeds",Gas & Plumbing Engineering,"Boiler repair, gas servicing",47,5.0,,unknown - website discovery not run,91,"reach[mobile]=25/25 segment[domestic trade]=25/25 demand=9/30 (47 reviews, 31% of domestic trade) reputation=20/20 (5.0 excellent)","Quick one. When someone contacts GSR Gas & Plumbing Services outside working hours, what happens to that enquiry?"
41,78,Banwy Fuels Ltd,fuel distribution,01938 810242,landline,Phone the depot,"Mon-Thu, 10:00-11:30",depot manager or general manager,"Avoid early morning - drivers and deliveries dominate. Angle on order-taking and delivery scheduling: winter peaks bury them in phone orders. Skip cold weather snaps, they will have no time to talk.","Welshpool, Powys",Oil Distribution,"Heating oil delivery, monthly payment plans",152,4.8,,unknown - website discovery not run,91,"reach[landline]=15/25 segment[fuel distribution]=15/25 demand=28/30 (152 reviews, 92% of fuel distribution) reputation=20/20 (4.8 excellent)","Quick one. When a customer rings Banwy Fuels Ltd to order fuel out of hours, what happens to that enquiry?"
42,78,Manchester Gas and Heating Ltd,domestic trade,07960 042563,mobile,Direct mobile call (SMS/WhatsApp acceptable),07:30-08:30 or 17:00-18:30,whoever answers - it is the owner,"Sole trader or owner-operator carrying the business phone. They decide instantly and hate admin. Keep it under 60 seconds. Do not call 09:00-16:00, they are on jobs and will resent it.","Salford, Manchester",Gas & Heating Engineering,"Full heating system install, boiler service",33,5.0,,unknown - website discovery not run,91,"reach[mobile]=25/25 segment[domestic trade]=25/25 demand=8/30 (33 reviews, 26% of domestic trade) reputation=20/20 (5.0 excellent)","Quick one. When someone contacts Manchester Gas and Heating Ltd outside working hours, what happens to that enquiry?"
43,78,GasPlumb,domestic trade,07778 950491,mobile,Direct mobile call (SMS/WhatsApp acceptable),07:30-08:30 or 17:00-18:30,whoever answers - it is the owner,"Sole trader or owner-operator carrying the business phone. They decide instantly and hate admin. Keep it under 60 seconds. Do not call 09:00-16:00, they are on jobs and will resent it.","Moortown, Leeds",Gas & Plumbing Engineering,"Gas leak repair, servicing",41,4.9,,unknown - website discovery not run,91,"reach[mobile]=25/25 segment[domestic trade]=25/25 demand=8/30 (41 reviews, 28% of domestic trade) reputation=20/20 (4.9 excellent)","Quick one. When someone contacts GasPlumb outside working hours, what happens to that enquiry?"
44,77,Eol Maintenance Services,commercial trade,020 8252 9789,landline,"Office phone, follow up by email","Tue-Thu, 09:00-11:00",contracts manager or operations manager,"An admin will screen. Ask for the person who handles incoming enquiries by role, not by name you do not have. Angle on service contracts and planned maintenance scheduling.",London EC3V,Building Services Maintenance,"Electrical, plumbing, general maintenance",70,4.9,,unknown - website discovery not run,91,"reach[landline]=15/25 segment[commercial trade]=20/25 demand=22/30 (70 reviews, 75% of commercial trade) reputation=20/20 (4.9 excellent)","Quick one. When someone contacts Eol Maintenance Services outside working hours, what happens to that enquiry?"
45,77,Ideal Gas Solutions,domestic trade,07307 600250,mobile,Direct mobile call (SMS/WhatsApp acceptable),07:30-08:30 or 17:00-18:30,whoever answers - it is the owner,"Sole trader or owner-operator carrying the business phone. They decide instantly and hate admin. Keep it under 60 seconds. Do not call 09:00-16:00, they are on jobs and will resent it.",Glasgow,Gas Engineering,Boiler repair and servicing,31,5.0,,unknown - website discovery not run,91,"reach[mobile]=25/25 segment[domestic trade]=25/25 demand=7/30 (31 reviews, 24% of domestic trade) reputation=20/20 (5.0 excellent)","Quick one. When someone contacts Ideal Gas Solutions outside working hours, what happens to that enquiry?"
46,76,Efficient Maintenance Limited,commercial trade,020 3005 5285,landline,"Office phone, follow up by email","Tue-Thu, 09:00-11:00",contracts manager or operations manager,"An admin will screen. Ask for the person who handles incoming enquiries by role, not by name you do not have. Angle on service contracts and planned maintenance scheduling.",London EC2A,Building Services Maintenance,Electrical maintenance services,62,4.9,,unknown - website discovery not run,91,"reach[landline]=15/25 segment[commercial trade]=20/25 demand=21/30 (62 reviews, 69% of commercial trade) reputation=20/20 (4.9 excellent)","Quick one. When someone contacts Efficient Maintenance Limited outside working hours, what happens to that enquiry?"
47,76,Notts Heating & Plumbing,domestic trade,07825 216535,mobile,Direct mobile call (SMS/WhatsApp acceptable),07:30-08:30 or 17:00-18:30,whoever answers - it is the owner,"Sole trader or owner-operator carrying the business phone. They decide instantly and hate admin. Keep it under 60 seconds. Do not call 09:00-16:00, they are on jobs and will resent it.",Nottingham,Gas & Heating Engineering,"Cylinder replacement, boiler work",23,4.8,,unknown - website discovery not run,91,"reach[mobile]=25/25 segment[domestic trade]=25/25 demand=6/30 (23 reviews, 19% of domestic trade) reputation=20/20 (4.8 excellent)","Quick one. When someone contacts Notts Heating & Plumbing outside working hours, what happens to that enquiry?"
48,76,HCE Contractor Limited,commercial trade,07308 880222,mobile,Direct mobile call,07:30-08:30 or 17:00-18:30,whoever answers - it is the owner,"Owner-run commercial outfit. They decide on the spot. Lead on missed out-of-hours enquiries from commercial clients, where a lost call is a lost contract.","Neasden, London",Building Services Maintenance,"Boiler repair, plumbing, electrical",14,4.9,,unknown - website discovery not run,91,"reach[mobile]=25/25 segment[commercial trade]=20/25 demand=11/30 (14 reviews, 36% of commercial trade) reputation=20/20 (4.9 excellent)","Quick one. When someone contacts HCE Contractor Limited outside working hours, what happens to that enquiry?"
49,75,K P Thomas & Son,fuel distribution,01834 290016,landline,Phone the depot,"Mon-Thu, 10:00-11:30",depot manager or general manager,"Avoid early morning - drivers and deliveries dominate. Angle on order-taking and delivery scheduling: winter peaks bury them in phone orders. Skip cold weather snaps, they will have no time to talk.","Narberth, Pembrokeshire",Oil Distribution & Tank Services,"Heating oil, solid fuel, tank services",98,4.8,,unknown - website discovery not run,91,"reach[landline]=15/25 segment[fuel distribution]=15/25 demand=25/30 (98 reviews, 83% of fuel distribution) reputation=20/20 (4.8 excellent)","Quick one. When a customer rings K P Thomas & Son to order fuel out of hours, what happens to that enquiry?"
50,75,Progas Heating & Plumbing Services Ltd,domestic trade,07503 726428,mobile,Direct mobile call (SMS/WhatsApp acceptable),07:30-08:30 or 17:00-18:30,whoever answers - it is the owner,"Sole trader or owner-operator carrying the business phone. They decide instantly and hate admin. Keep it under 60 seconds. Do not call 09:00-16:00, they are on jobs and will resent it.",Nottingham,Gas & Heating Engineering,Boiler replacement and repair,22,5.0,,unknown - website discovery not run,91,"reach[mobile]=25/25 segment[domestic trade]=25/25 demand=5/30 (22 reviews, 18% of domestic trade) reputation=20/20 (5.0 excellent)","Quick one. When someone contacts Progas Heating & Plumbing Services Ltd outside working hours, what happens to that enquiry?"
51,75,Focus 360 Energy LTD,commercial trade,0117 287 2899,landline,"Office phone, follow up by email","Tue-Thu, 09:00-11:00",contracts manager or operations manager,"An admin will screen. Ask for the person who handles incoming enquiries by role, not by name you do not have. Angle on service contracts and planned maintenance scheduling.","Clifton, Bristol",Energy Assessment,EPC assessments,115,4.7,,unknown - website discovery not run,91,"reach[landline]=15/25 segment[commercial trade]=20/25 demand=24/30 (115 reviews, 81% of commercial trade) reputation=16/20 (4.7 strong)","Quick one. When someone contacts Focus 360 Energy LTD outside working hours, what happens to that enquiry?"
52,74,Your Maintenance Covered,commercial trade,0808 135 1594,non-geographic,"LinkedIn or email, not the phone","Tue-Thu, 09:00-11:00",owner / operations lead by name,0800/03 number means a switchboard will screen you. Find the decision maker on LinkedIn first and reference something specific about their operation.,London N1,Building Services Maintenance,"Boiler, plumbing, roofing maintenance",486,4.9,,unknown - website discovery not run,91,"reach[non-geographic]=5/25 segment[commercial trade]=20/25 demand=29/30 (486 reviews, 97% of commercial trade) reputation=20/20 (4.9 excellent)","Quick one. When someone contacts Your Maintenance Covered outside working hours, what happens to that enquiry?"
53,74,SCV Electrical Limited,domestic trade,020 7123 8400,landline,"Office phone, follow up by email","Tue-Thu, 09:00-11:00 or 16:00-17:00",the owner or whoever books the diary,"Landline means an office with someone on the desk - often a partner or part-time admin. They are the gatekeeper and also the person whose workload you are offering to cut, so make them the ally. 69 reviews shows steady demand - ask how they handle enquiries while on a job.","Stepney Green, London",Electrical Engineering / Maintenance,"Electrical inspection, rewiring",69,5.0,,unknown - website discovery not run,91,"reach[landline]=15/25 segment[domestic trade]=25/25 demand=14/30 (69 reviews, 46% of domestic trade) reputation=20/20 (5.0 excellent)","Quick one. When someone contacts SCV Electrical Limited outside working hours, what happens to that enquiry?"
54,74,DL Gas & Maintenance Ltd,domestic trade,020 3370 2019,landline,"Office phone, follow up by email","Tue-Thu, 09:00-11:00 or 16:00-17:00",the owner or whoever books the diary,"Landline means an office with someone on the desk - often a partner or part-time admin. They are the gatekeeper and also the person whose workload you are offering to cut, so make them the ally. 73 reviews shows steady demand - ask how they handle enquiries while on a job.","Bow, London",Gas & Building Maintenance,"Boiler servicing, gas supply, flue work",73,5.0,,unknown - website discovery not run,91,"reach[landline]=15/25 segment[domestic trade]=25/25 demand=14/30 (73 reviews, 48% of domestic trade) reputation=20/20 (5.0 excellent)","Quick one. When someone contacts DL Gas & Maintenance Ltd outside working hours, what happens to that enquiry?"
55,74,N Gas Services Uk Ltd,domestic trade,07446 964536,mobile,Direct mobile call (SMS/WhatsApp acceptable),07:30-08:30 or 17:00-18:30,whoever answers - it is the owner,"Sole trader or owner-operator carrying the business phone. They decide instantly and hate admin. Keep it under 60 seconds. Do not call 09:00-16:00, they are on jobs and will resent it.",Birmingham,Gas Engineering,"Boiler service, gas appliance install",19,4.8,,unknown - website discovery not run,91,"reach[mobile]=25/25 segment[domestic trade]=25/25 demand=4/30 (19 reviews, 15% of domestic trade) reputation=20/20 (4.8 excellent)","Quick one. When someone contacts N Gas Services Uk Ltd outside working hours, what happens to that enquiry?"
56,74,RMG Plumbing & Gas Services,domestic trade,07825 412721,mobile,Direct mobile call (SMS/WhatsApp acceptable),07:30-08:30 or 17:00-18:30,whoever answers - it is the owner,"Sole trader or owner-operator carrying the business phone. They decide instantly and hate admin. Keep it under 60 seconds. Do not call 09:00-16:00, they are on jobs and will resent it.","Gedling, Nottingham",Gas & Plumbing Engineering,"Boiler servicing, commercial contracts",15,5.0,,unknown - website discovery not run,91,"reach[mobile]=25/25 segment[domestic trade]=25/25 demand=4/30 (15 reviews, 12% of domestic trade) reputation=20/20 (5.0 excellent)","Quick one. When someone contacts RMG Plumbing & Gas Services outside working hours, what happens to that enquiry?"
57,73,Swift Heat Gas Services,commercial trade,0161 764 4539,landline,"Office phone, follow up by email","Tue-Thu, 09:00-11:00",contracts manager or operations manager,"An admin will screen. Ask for the person who handles incoming enquiries by role, not by name you do not have. Angle on service contracts and planned maintenance scheduling.","Bury, Manchester",Industrial & Commercial Gas Engineering,"Industrial boiler rooms, warehouse heaters",52,5.0,,unknown - website discovery not run,91,"reach[landline]=15/25 segment[commercial trade]=20/25 demand=18/30 (52 reviews, 58% of commercial trade) reputation=20/20 (5.0 excellent)","Quick one. When someone contacts Swift Heat Gas Services outside working hours, what happens to that enquiry?"
58,73,Gas Glow,domestic trade,0141 291 5087,landline,"Office phone, follow up by email","Tue-Thu, 09:00-11:00 or 16:00-17:00",the owner or whoever books the diary,"Landline means an office with someone on the desk - often a partner or part-time admin. They are the gatekeeper and also the person whose workload you are offering to cut, so make them the ally. 65 reviews shows steady demand - ask how they handle enquiries while on a job.","Rutherglen, Glasgow",Gas & Heating Engineering,"Boiler install, gas appliance fitting",65,5.0,,unknown - website discovery not run,91,"reach[landline]=15/25 segment[domestic trade]=25/25 demand=13/30 (65 reviews, 44% of domestic trade) reputation=20/20 (5.0 excellent)","Quick one. When someone contacts Gas Glow outside working hours, what happens to that enquiry?"
59,73,Commercial Gas Safety Certificates Ltd,commercial trade,07779 977899,mobile,Direct mobile call,07:30-08:30 or 17:00-18:30,whoever answers - it is the owner,"Owner-run commercial outfit. They decide on the spot. Lead on missed out-of-hours enquiries from commercial clients, where a lost call is a lost contract.",London,Commercial Gas Engineering,CP42 catering gas safety certificates,34,4.4,,unknown - website discovery not run,91,"reach[mobile]=25/25 segment[commercial trade]=20/25 demand=16/30 (34 reviews, 53% of commercial trade) reputation=12/20 (4.4 good)","Quick one. When someone contacts Commercial Gas Safety Certificates Ltd outside working hours, what happens to that enquiry?"
60,73,Birmingham One Gas (B1-Gas),domestic trade,07713 694466,mobile,Direct mobile call (SMS/WhatsApp acceptable),07:30-08:30 or 17:00-18:30,whoever answers - it is the owner,"Sole trader or owner-operator carrying the business phone. They decide instantly and hate admin. Keep it under 60 seconds. Do not call 09:00-16:00, they are on jobs and will resent it.",Birmingham,Gas Engineering,"Boiler repair, plumbing",8,5.0,,unknown - website discovery not run,91,"reach[mobile]=25/25 segment[domestic trade]=25/25 demand=3/30 (8 reviews, 10% of domestic trade) reputation=20/20 (5.0 excellent)","Quick one. When someone contacts Birmingham One Gas (B1-Gas) outside working hours, what happens to that enquiry?"
61,72,Goff Petroleum (Wymondham),fuel distribution,01953 713555,landline,Phone the depot,"Mon-Thu, 10:00-11:30",depot manager or general manager,"Avoid early morning - drivers and deliveries dominate. Angle on order-taking and delivery scheduling: winter peaks bury them in phone orders. Skip cold weather snaps, they will have no time to talk.","Wymondham, Norwich",Oil & Fuel Distribution,Heating oil and fuel delivery,349,4.4,,unknown - website discovery not run,91,"reach[landline]=15/25 segment[fuel distribution]=15/25 demand=30/30 (349 reviews, 98% of fuel distribution) reputation=12/20 (4.4 good)","Quick one. When a customer rings Goff Petroleum (Wymondham) to order fuel out of hours, what happens to that enquiry?"
62,72,Bee Warm Heating,domestic trade,0161 222 5953,landline,"Office phone, follow up by email","Tue-Thu, 09:00-11:00 or 16:00-17:00",the owner or whoever books the diary,"Landline means an office with someone on the desk - often a partner or part-time admin. They are the gatekeeper and also the person whose workload you are offering to cut, so make them the ally. 61 reviews shows steady demand - ask how they handle enquiries while on a job.","Middleton, Manchester",Gas & Heating Engineering,Boiler repair and replacement,61,5.0,,unknown - website discovery not run,91,"reach[landline]=15/25 segment[domestic trade]=25/25 demand=12/30 (61 reviews, 39% of domestic trade) reputation=20/20 (5.0 excellent)","Quick one. When someone contacts Bee Warm Heating outside working hours, what happens to that enquiry?"
63,72,Hyde Gas Services,domestic trade,07746 823917,mobile,Direct mobile call (SMS/WhatsApp acceptable),07:30-08:30 or 17:00-18:30,whoever answers - it is the owner,"Sole trader or owner-operator carrying the business phone. They decide instantly and hate admin. Keep it under 60 seconds. Do not call 09:00-16:00, they are on jobs and will resent it.","Armley, Leeds",Gas Engineering,Boiler repair and servicing,7,5.0,,unknown - website discovery not run,91,"reach[mobile]=25/25 segment[domestic trade]=25/25 demand=2/30 (7 reviews, 6% of domestic trade) reputation=20/20 (5.0 excellent)","Quick one. When someone contacts Hyde Gas Services outside working hours, what happens to that enquiry?"
64,72,Gastech 24/7,domestic trade,07598 088229,mobile,Direct mobile call (SMS/WhatsApp acceptable),07:30-08:30 or 17:00-18:30,whoever answers - it is the owner,"Sole trader or owner-operator carrying the business phone. They decide instantly and hate admin. Keep it under 60 seconds. Do not call 09:00-16:00, they are on jobs and will resent it.",Leeds,Gas & Heating Engineering,24/7 emergency gas and heating,7,5.0,,unknown - website discovery not run,91,"reach[mobile]=25/25 segment[domestic trade]=25/25 demand=2/30 (7 reviews, 6% of domestic trade) reputation=20/20 (5.0 excellent)","Quick one. When someone contacts Gastech 24/7 outside working hours, what happens to that enquiry?"
65,71,G D Jones & Son Ltd,fuel distribution,01248 421333,landline,Phone the depot,"Mon-Thu, 10:00-11:30",depot manager or general manager,"Avoid early morning - drivers and deliveries dominate. Angle on order-taking and delivery scheduling: winter peaks bury them in phone orders. Skip cold weather snaps, they will have no time to talk.","Gaerwen, Anglesey",Oil Distribution,Heating oil delivery,57,4.8,,unknown - website discovery not run,91,"reach[landline]=15/25 segment[fuel distribution]=15/25 demand=21/30 (57 reviews, 70% of fuel distribution) reputation=20/20 (4.8 excellent)","Quick one. When a customer rings G D Jones & Son Ltd to order fuel out of hours, what happens to that enquiry?"
66,71,Gas Engineer Glasgow,domestic trade,0141 488 5457,landline,"Office phone, follow up by email","Tue-Thu, 09:00-11:00 or 16:00-17:00",the owner or whoever books the diary,"Landline means an office with someone on the desk - often a partner or part-time admin. They are the gatekeeper and also the person whose workload you are offering to cut, so make them the ally. 59 reviews shows steady demand - ask how they handle enquiries while on a job.","Rutherglen, Glasgow",Gas Engineering,"Boiler repair, gas servicing",59,4.9,,unknown - website discovery not run,91,"reach[landline]=15/25 segment[domestic trade]=25/25 demand=11/30 (59 reviews, 38% of domestic trade) reputation=20/20 (4.9 excellent)","Quick one. When someone contacts Gas Engineer Glasgow outside working hours, what happens to that enquiry?"
67,71,ScotWater,b2b industrial,0131 381 7770,landline,"Phone, then email a one-pager","Tue-Thu, 09:00-10:30","works manager, general manager or director","Shop-floor businesses rarely buy on a first call. Open on trade credibility - quoting turnaround, drawing handling, enquiry tracking - not on Google reviews, which this sector does not collect. Expect two or three touches.",Edinburgh,Pipeline Contracting,"Lead pipe replacement, mains work",16,5.0,,unknown - website discovery not run,91,"reach[landline]=15/25 segment[b2b industrial]=10/25 demand=26/30 (16 reviews, 88% of b2b industrial) reputation=20/20 (5.0 excellent)",Quick one. How does ScotWater currently handle enquiry intake and quoting when the team is stretched?
68,70,UK Gas Plumbers,commercial trade,020 8935 5572,landline,"Office phone, follow up by email","Tue-Thu, 09:00-11:00",contracts manager or operations manager,"An admin will screen. Ask for the person who handles incoming enquiries by role, not by name you do not have. Angle on service contracts and planned maintenance scheduling.",London,Commercial Gas Engineering,"Commercial gas safety, catering gas certs",56,4.5,,unknown - website discovery not run,91,"reach[landline]=15/25 segment[commercial trade]=20/25 demand=19/30 (56 reviews, 64% of commercial trade) reputation=16/20 (4.5 strong)","Quick one. When someone contacts UK Gas Plumbers outside working hours, what happens to that enquiry?"
69,70,Goff Petroleum (Tenterden),fuel distribution,01892 513861,landline,Phone the depot,"Mon-Thu, 10:00-11:30",depot manager or general manager,"Avoid early morning - drivers and deliveries dominate. Angle on order-taking and delivery scheduling: winter peaks bury them in phone orders. Skip cold weather snaps, they will have no time to talk.","Tenterden, Kent",Oil & Fuel Distribution,Heating oil delivery,86,4.5,,unknown - website discovery not run,91,"reach[landline]=15/25 segment[fuel distribution]=15/25 demand=24/30 (86 reviews, 80% of fuel distribution) reputation=16/20 (4.5 strong)","Quick one. When a customer rings Goff Petroleum (Tenterden) to order fuel out of hours, what happens to that enquiry?"
70,70,Mayflower Engineering Ltd,b2b industrial,0114 244 1353,landline,"Phone, then email a one-pager","Tue-Thu, 09:00-10:30","works manager, general manager or director","Shop-floor businesses rarely buy on a first call. Open on trade credibility - quoting turnaround, drawing handling, enquiry tracking - not on Google reviews, which this sector does not collect. Expect two or three touches.",Sheffield,Structural Steel Engineering,"Structural steel fabrication, major projects",27,4.6,,unknown - website discovery not run,91,"reach[landline]=15/25 segment[b2b industrial]=10/25 demand=29/30 (27 reviews, 97% of b2b industrial) reputation=16/20 (4.6 strong)","Quick one. When someone contacts Mayflower Engineering Ltd outside working hours, what happens to that enquiry?"
71,69,Northern Energy Gas Ltd,fuel distribution,01423 772789,landline,Phone the depot,"Mon-Thu, 10:00-11:30",depot manager or general manager,"Avoid early morning - drivers and deliveries dominate. Angle on order-taking and delivery scheduling: winter peaks bury them in phone orders. Skip cold weather snaps, they will have no time to talk.","Hampsthwaite, Harrogate",LPG & Oil Distribution,LPG and heating oil supply,111,4.3,,unknown - website discovery not run,91,"reach[landline]=15/25 segment[fuel distribution]=15/25 demand=27/30 (111 reviews, 89% of fuel distribution) reputation=12/20 (4.3 good)","Quick one. When a customer rings Northern Energy Gas Ltd to order fuel out of hours, what happens to that enquiry?"
72,69,Tinsley Bridge Group,b2b industrial,0114 221 1111,landline,"Phone, then email a one-pager","Tue-Thu, 09:00-10:30","works manager, general manager or director","Shop-floor businesses rarely buy on a first call. Open on trade credibility - quoting turnaround, drawing handling, enquiry tracking - not on Google reviews, which this sector does not collect. Expect two or three touches.","Tinsley, Sheffield",Industrial Engineering / Manufacturing,Engineering manufacturing,12,4.8,,unknown - website discovery not run,91,"reach[landline]=15/25 segment[b2b industrial]=10/25 demand=24/30 (12 reviews, 80% of b2b industrial) reputation=20/20 (4.8 excellent)",Quick one. How does Tinsley Bridge Group currently handle enquiry intake and quoting when the team is stretched?
73,69,Taylor Engineering & Fabrications Ltd,b2b industrial,0121 326 9035,landline,"Phone, then email a one-pager","Tue-Thu, 09:00-10:30","works manager, general manager or director","Shop-floor businesses rarely buy on a first call. Open on trade credibility - quoting turnaround, drawing handling, enquiry tracking - not on Google reviews, which this sector does not collect. Expect two or three touches.","Nechells, Birmingham",Engineering & Fabrication,"Specialist welding, fabrication",12,4.9,,unknown - website discovery not run,91,"reach[landline]=15/25 segment[b2b industrial]=10/25 demand=24/30 (12 reviews, 80% of b2b industrial) reputation=20/20 (4.9 excellent)",Quick one. How does Taylor Engineering & Fabrications Ltd currently handle enquiry intake and quoting when the team is stretched?
74,68,J E Lawrence & Son Ltd,fuel distribution,01437 731306,landline,Phone the depot,"Mon-Thu, 10:00-11:30",depot manager or general manager,"Avoid early morning - drivers and deliveries dominate. Angle on order-taking and delivery scheduling: winter peaks bury them in phone orders. Skip cold weather snaps, they will have no time to talk.","Clarbeston Road, Pembrokeshire",Oil Distribution,Heating oil delivery,71,4.6,,unknown - website discovery not run,91,"reach[landline]=15/25 segment[fuel distribution]=15/25 demand=22/30 (71 reviews, 73% of fuel distribution) reputation=16/20 (4.6 strong)","Quick one. When a customer rings J E Lawrence & Son Ltd to order fuel out of hours, what happens to that enquiry?"
75,68,Western Fuel Depot,fuel distribution,01278 431451,landline,Phone the depot,"Mon-Thu, 10:00-11:30",depot manager or general manager,"Avoid early morning - drivers and deliveries dominate. Angle on order-taking and delivery scheduling: winter peaks bury them in phone orders. Skip cold weather snaps, they will have no time to talk.","Bridgwater, Somerset",Oil & Fuel Distribution,Heating oil and diesel delivery,99,4.4,,unknown - website discovery not run,91,"reach[landline]=15/25 segment[fuel distribution]=15/25 demand=26/30 (99 reviews, 86% of fuel distribution) reputation=12/20 (4.4 good)","Quick one. When a customer rings Western Fuel Depot to order fuel out of hours, what happens to that enquiry?"
76,67,EG Martin,fuel distribution,01373 822784,landline,Phone the depot,"Mon-Thu, 10:00-11:30",depot manager or general manager,"Avoid early morning - drivers and deliveries dominate. Angle on order-taking and delivery scheduling: winter peaks bury them in phone orders. Skip cold weather snaps, they will have no time to talk.","Westbury, Wiltshire",Oil Distribution,Heating oil delivery,36,4.9,,unknown - website discovery not run,91,"reach[landline]=15/25 segment[fuel distribution]=15/25 demand=17/30 (36 reviews, 56% of fuel distribution) reputation=20/20 (4.9 excellent)","Quick one. When a customer rings EG Martin to order fuel out of hours, what happens to that enquiry?"
77,67,Notts Gas & Electrical Ltd,domestic trade,0115 990 3308,landline,"Office phone, follow up by email","Tue-Thu, 09:00-11:00 or 16:00-17:00",the owner or whoever books the diary,"Landline means an office with someone on the desk - often a partner or part-time admin. They are the gatekeeper and also the person whose workload you are offering to cut, so make them the ally.",Nottingham,Gas & Electrical Engineering,"Boiler fitting, EPC, fire risk assessment",28,5.0,,unknown - website discovery not run,91,"reach[landline]=15/25 segment[domestic trade]=25/25 demand=7/30 (28 reviews, 22% of domestic trade) reputation=20/20 (5.0 excellent)","Quick one. When someone contacts Notts Gas & Electrical Ltd outside working hours, what happens to that enquiry?"
78,67,Intrelec Ltd,b2b industrial,020 8261 7600,landline,"Phone, then email a one-pager","Tue-Thu, 09:00-10:30","works manager, general manager or director","Shop-floor businesses rarely buy on a first call. Open on trade credibility - quoting turnaround, drawing handling, enquiry tracking - not on Google reviews, which this sector does not collect. Expect two or three touches.",London SW18,Electrical & Mechanical Services,Electrical installation and maintenance,10,5.0,,unknown - website discovery not run,91,"reach[landline]=15/25 segment[b2b industrial]=10/25 demand=22/30 (10 reviews, 74% of b2b industrial) reputation=20/20 (5.0 excellent)","Quick one. When someone contacts Intrelec Ltd outside working hours, what happens to that enquiry?"
79,66,Croft Engineering Bristol Ltd,b2b industrial,0117 958 3286,landline,"Phone, then email a one-pager","Tue-Thu, 09:00-10:30","works manager, general manager or director","Shop-floor businesses rarely buy on a first call. Open on trade credibility - quoting turnaround, drawing handling, enquiry tracking - not on Google reviews, which this sector does not collect. Expect two or three touches.","Fishponds, Bristol",Industrial Engineering,"General engineering, machine shop repairs",13,4.7,,unknown - website discovery not run,91,"reach[landline]=15/25 segment[b2b industrial]=10/25 demand=25/30 (13 reviews, 84% of b2b industrial) reputation=16/20 (4.7 strong)",Quick one. How does Croft Engineering Bristol Ltd currently handle enquiry intake and quoting when the team is stretched?
80,66,Space Engineering Services,b2b industrial,0117 977 8833,landline,"Phone, then email a one-pager","Tue-Thu, 09:00-10:30","works manager, general manager or director","Shop-floor businesses rarely buy on a first call. Open on trade credibility - quoting turnaround, drawing handling, enquiry tracking - not on Google reviews, which this sector does not collect. Expect two or three touches.","Brislington, Bristol",Industrial Engineering,Engineering services and manufacturing,13,4.5,,unknown - website discovery not run,91,"reach[landline]=15/25 segment[b2b industrial]=10/25 demand=25/30 (13 reviews, 84% of b2b industrial) reputation=16/20 (4.5 strong)",Quick one. How does Space Engineering Services currently handle enquiry intake and quoting when the team is stretched?
81,66,Go Green Solar Ltd,domestic trade,0117 964 0078,landline,"Office phone, follow up by email","Tue-Thu, 09:00-11:00 or 16:00-17:00",the owner or whoever books the diary,"Landline means an office with someone on the desk - often a partner or part-time admin. They are the gatekeeper and also the person whose workload you are offering to cut, so make them the ally.",Bristol,Renewable Energy Installation,"Solar PV, battery, gas boiler installation",24,4.8,,unknown - website discovery not run,91,"reach[landline]=15/25 segment[domestic trade]=25/25 demand=6/30 (24 reviews, 21% of domestic trade) reputation=20/20 (4.8 excellent)","Quick one. When someone contacts Go Green Solar Ltd outside working hours, what happens to that enquiry?"
82,65,Tate Oil,fuel distribution,01943 467444,landline,Phone the depot,"Mon-Thu, 10:00-11:30",depot manager or general manager,"Avoid early morning - drivers and deliveries dominate. Angle on order-taking and delivery scheduling: winter peaks bury them in phone orders. Skip cold weather snaps, they will have no time to talk.","Otley, Leeds",Oil Distribution,Heating oil and fuel delivery,72,4.2,,unknown - website discovery not run,91,"reach[landline]=15/25 segment[fuel distribution]=15/25 demand=23/30 (72 reviews, 77% of fuel distribution) reputation=12/20 (4.2 good)","Quick one. When a customer rings Tate Oil to order fuel out of hours, what happens to that enquiry?"
83,65,Unitary Engineering Services Ltd,commercial trade,0117 951 9020,landline,"Office phone, follow up by email","Tue-Thu, 09:00-11:00",contracts manager or operations manager,"An admin will screen. Ask for the person who handles incoming enquiries by role, not by name you do not have. Angle on service contracts and planned maintenance scheduling.",Bristol,Commercial Gas & Heating Engineering,"Commercial gas pipework, heat pumps, boiler install",29,4.6,,unknown - website discovery not run,91,"reach[landline]=15/25 segment[commercial trade]=20/25 demand=14/30 (29 reviews, 47% of commercial trade) reputation=16/20 (4.6 strong)","Quick one. When someone contacts Unitary Engineering Services Ltd outside working hours, what happens to that enquiry?"
84,65,Lynx Fuels,fuel distribution,01677 455140,landline,Phone the depot,"Mon-Thu, 10:00-11:30",depot manager or general manager,"Avoid early morning - drivers and deliveries dominate. Angle on order-taking and delivery scheduling: winter peaks bury them in phone orders. Skip cold weather snaps, they will have no time to talk.","Leeming Bar, Northallerton",Oil Distribution,Kerosene and heating oil delivery,33,4.8,,unknown - website discovery not run,91,"reach[landline]=15/25 segment[fuel distribution]=15/25 demand=15/30 (33 reviews, 48% of fuel distribution) reputation=20/20 (4.8 excellent)","Quick one. When a customer rings Lynx Fuels to order fuel out of hours, what happens to that enquiry?"
85,65,Commercial Gas Solutions Ltd,commercial trade,07941 485268,mobile,Direct mobile call,07:30-08:30 or 17:00-18:30,whoever answers - it is the owner,"Owner-run commercial outfit. They decide on the spot. Lead on missed out-of-hours enquiries from commercial clients, where a lost call is a lost contract.",Glasgow,Commercial Gas Engineering,Commercial gas services,,,,unknown - website discovery not run,91,reach[mobile]=25/25 segment[commercial trade]=20/25 demand=12/30 (no review data) reputation=8/20 (no rating),"Quick one. When someone contacts Commercial Gas Solutions Ltd outside working hours, what happens to that enquiry?"
86,64,Guardian Gas Ltd,commercial trade,0121 458 2888,landline,"Office phone, follow up by email","Tue-Thu, 09:00-11:00",contracts manager or operations manager,"An admin will screen. Ask for the person who handles incoming enquiries by role, not by name you do not have. Angle on service contracts and planned maintenance scheduling.",Birmingham,Commercial & Domestic Gas Engineering,"Commercial and domestic gas, electrical",8,5.0,,unknown - website discovery not run,91,"reach[landline]=15/25 segment[commercial trade]=20/25 demand=9/30 (8 reviews, 31% of commercial trade) reputation=20/20 (5.0 excellent)","Quick one. When someone contacts Guardian Gas Ltd outside working hours, what happens to that enquiry?"
87,64,On Time Heating Services Ltd,domestic trade,07800 600394,mobile,Direct mobile call (SMS/WhatsApp acceptable),07:30-08:30 or 17:00-18:30,whoever answers - it is the owner,"Sole trader or owner-operator carrying the business phone. They decide instantly and hate admin. Keep it under 60 seconds. Do not call 09:00-16:00, they are on jobs and will resent it.",Birmingham,Gas & Heating Engineering,"Plumbing, heating, full property works",7,4.4,,unknown - website discovery not run,91,"reach[mobile]=25/25 segment[domestic trade]=25/25 demand=2/30 (7 reviews, 6% of domestic trade) reputation=12/20 (4.4 good)","Quick one. When someone contacts On Time Heating Services Ltd outside working hours, what happens to that enquiry?"
88,64,Willis Electrical Ltd,domestic trade,0117 287 2947,landline,"Office phone, follow up by email","Tue-Thu, 09:00-11:00 or 16:00-17:00",the owner or whoever books the diary,"Landline means an office with someone on the desk - often a partner or part-time admin. They are the gatekeeper and also the person whose workload you are offering to cut, so make them the ally.",Bristol,Renewable Energy / Electrical,"Solar, battery, EV charger installation",19,5.0,,unknown - website discovery not run,91,"reach[landline]=15/25 segment[domestic trade]=25/25 demand=4/30 (19 reviews, 15% of domestic trade) reputation=20/20 (5.0 excellent)","Quick one. When someone contacts Willis Electrical Ltd outside working hours, what happens to that enquiry?"
89,63,Kelwick Engineering (GKE) Ltd,commercial trade,0114 294 5519,landline,"Office phone, follow up by email","Tue-Thu, 09:00-11:00",contracts manager or operations manager,"An admin will screen. Ask for the person who handles incoming enquiries by role, not by name you do not have. Angle on service contracts and planned maintenance scheduling.",Sheffield,Industrial Engineering,Engineering consultancy and manufacturing,23,4.5,,unknown - website discovery not run,91,"reach[landline]=15/25 segment[commercial trade]=20/25 demand=12/30 (23 reviews, 42% of commercial trade) reputation=16/20 (4.5 strong)",Quick one. How does Kelwick Engineering (GKE) Ltd currently handle enquiry intake and quoting when the team is stretched?
90,63,H W Humphreys & Son,fuel distribution,01766 513017,landline,Phone the depot,"Mon-Thu, 10:00-11:30",depot manager or general manager,"Avoid early morning - drivers and deliveries dominate. Angle on order-taking and delivery scheduling: winter peaks bury them in phone orders. Skip cold weather snaps, they will have no time to talk.","Porthmadog, Gwynedd",Oil Distribution,Heating oil delivery,36,4.7,,unknown - website discovery not run,91,"reach[landline]=15/25 segment[fuel distribution]=15/25 demand=17/30 (36 reviews, 56% of fuel distribution) reputation=16/20 (4.7 strong)","Quick one. When a customer rings H W Humphreys & Son to order fuel out of hours, what happens to that enquiry?"
91,63,JCH London,commercial trade,020 7622 0937,landline,"Office phone, follow up by email","Tue-Thu, 09:00-11:00",contracts manager or operations manager,"An admin will screen. Ask for the person who handles incoming enquiries by role, not by name you do not have. Angle on service contracts and planned maintenance scheduling.",London,Commercial Gas Engineering,"Commercial boiler fit-outs, restaurant gas systems",6,5.0,,unknown - website discovery not run,91,"reach[landline]=15/25 segment[commercial trade]=20/25 demand=8/30 (6 reviews, 25% of commercial trade) reputation=20/20 (5.0 excellent)","Quick one. When someone contacts JCH London outside working hours, what happens to that enquiry?"
92,63,Dual Flame Plumber Leeds,domestic trade,0113 892 1029,landline,"Office phone, follow up by email","Tue-Thu, 09:00-11:00 or 16:00-17:00",the owner or whoever books the diary,"Landline means an office with someone on the desk - often a partner or part-time admin. They are the gatekeeper and also the person whose workload you are offering to cut, so make them the ally.","Armley, Leeds",Gas & Plumbing Engineering,"Emergency plumbing, boiler repair",8,5.0,,unknown - website discovery not run,91,"reach[landline]=15/25 segment[domestic trade]=25/25 demand=3/30 (8 reviews, 10% of domestic trade) reputation=20/20 (5.0 excellent)","Quick one. When someone contacts Dual Flame Plumber Leeds outside working hours, what happens to that enquiry?"
93,62,The Construction Solutions Group Ltd,domestic trade,0333 444 0254,non-geographic,"LinkedIn or email, not the phone","Tue-Thu, 09:00-11:00",owner / operations lead by name,0800/03 number means a switchboard will screen you. Find the decision maker on LinkedIn first and reference something specific about their operation.,London EC3V,Construction & Maintenance,"Plumbing, roofing, leak detection",64,4.9,,unknown - website discovery not run,91,"reach[non-geographic]=5/25 segment[domestic trade]=25/25 demand=12/30 (64 reviews, 42% of domestic trade) reputation=20/20 (4.9 excellent)","Quick one. When someone contacts The Construction Solutions Group Ltd outside working hours, what happens to that enquiry?"
94,62,Bearwood Gas Services,domestic trade,0121 429 7833,landline,"Office phone, follow up by email","Tue-Thu, 09:00-11:00 or 16:00-17:00",the owner or whoever books the diary,"Landline means an office with someone on the desk - often a partner or part-time admin. They are the gatekeeper and also the person whose workload you are offering to cut, so make them the ally. 55 reviews shows steady demand - ask how they handle enquiries while on a job.","Bearwood, Birmingham",Gas Engineering,"Gas fire servicing, safety certificates",55,4.3,,unknown - website discovery not run,91,"reach[landline]=15/25 segment[domestic trade]=25/25 demand=10/30 (55 reviews, 34% of domestic trade) reputation=12/20 (4.3 good)","Quick one. When someone contacts Bearwood Gas Services outside working hours, what happens to that enquiry?"
95,62,HNJ Engineering Ltd,b2b industrial,07989 101458,mobile,"Phone, then email a one-pager","Tue-Thu, 09:00-10:30","works manager, general manager or director","Shop-floor businesses rarely buy on a first call. Open on trade credibility - quoting turnaround, drawing handling, enquiry tracking - not on Google reviews, which this sector does not collect. Expect two or three touches.","Redcliffe, Bristol",Industrial Engineering,Precision parts manufacturing,3,5.0,,unknown - website discovery not run,91,"reach[mobile]=25/25 segment[b2b industrial]=10/25 demand=7/30 (3 reviews, 23% of b2b industrial) reputation=20/20 (5.0 excellent)",Quick one. How does HNJ Engineering Ltd currently handle enquiry intake and quoting when the team is stretched?
96,62,Fowlers of Bristol (Engineers) Ltd,b2b industrial,0117 982 8965,landline,"Phone, then email a one-pager","Tue-Thu, 09:00-10:30","works manager, general manager or director","Shop-floor businesses rarely buy on a first call. Open on trade credibility - quoting turnaround, drawing handling, enquiry tracking - not on Google reviews, which this sector does not collect. Expect two or three touches.","Avonmouth, Bristol",Industrial Engineering / Manufacturing,Engineering and manufacturing,8,4.5,,unknown - website discovery not run,91,"reach[landline]=15/25 segment[b2b industrial]=10/25 demand=21/30 (8 reviews, 70% of b2b industrial) reputation=16/20 (4.5 strong)",Quick one. How does Fowlers of Bristol (Engineers) Ltd currently handle enquiry intake and quoting when the team is stretched?
97,62,Water and Pipeline Services,b2b industrial,01324 611353,landline,"Phone, then email a one-pager","Tue-Thu, 09:00-10:30","works manager, general manager or director","Shop-floor businesses rarely buy on a first call. Open on trade credibility - quoting turnaround, drawing handling, enquiry tracking - not on Google reviews, which this sector does not collect. Expect two or three touches.",Falkirk,Pipeline Contracting,Pipeline installation and services,6,5.0,,unknown - website discovery not run,91,"reach[landline]=15/25 segment[b2b industrial]=10/25 demand=17/30 (6 reviews, 58% of b2b industrial) reputation=20/20 (5.0 excellent)",Quick one. How does Water and Pipeline Services currently handle enquiry intake and quoting when the team is stretched?
98,62,Pipework Limited,b2b industrial,0161 633 4879,landline,"Phone, then email a one-pager","Tue-Thu, 09:00-10:30","works manager, general manager or director","Shop-floor businesses rarely buy on a first call. Open on trade credibility - quoting turnaround, drawing handling, enquiry tracking - not on Google reviews, which this sector does not collect. Expect two or three touches.","Chadderton, Oldham",Industrial Pipework,Pipework installation and manufacturing,8,4.5,,unknown - website discovery not run,91,"reach[landline]=15/25 segment[b2b industrial]=10/25 demand=21/30 (8 reviews, 70% of b2b industrial) reputation=16/20 (4.5 strong)","Quick one. When someone contacts Pipework Limited outside working hours, what happens to that enquiry?"
99,62,NEO NEXT+,energy major,01224 352500,landline,LinkedIn only - do not cold call,"Tue-Thu, business hours",digital / IT manager or communications lead,"Procurement gates all supplier spend and they almost certainly retain an agency. A cold call reaches a receptionist and burns the name. Approach a named individual on LinkedIn with a specific observation, or deprioritise entirely.",Aberdeen,Oil & Gas Operations,North Sea oil and gas operator,25,4.5,,unknown - website discovery not run,91,"reach[landline]=15/25 segment[energy major]=2/25 demand=29/30 (25 reviews, 97% of energy major) reputation=16/20 (4.5 strong)","Quick one. When a customer rings NEO NEXT+ to order fuel out of hours, what happens to that enquiry?"
100,61,Masters Pipeline Services Ltd,b2b industrial,0117 963 8887,landline,"Phone, then email a one-pager","Tue-Thu, 09:00-10:30","works manager, general manager or director","Shop-floor businesses rarely buy on a first call. Open on trade credibility - quoting turnaround, drawing handling, enquiry tracking - not on Google reviews, which this sector does not collect. Expect two or three touches.",Bristol,Pipeline & Gas Contracting,"Pipeline services, gas leak repair",21,3.9,,unknown - website discovery not run,91,"reach[landline]=15/25 segment[b2b industrial]=10/25 demand=28/30 (21 reviews, 94% of b2b industrial) reputation=8/20 (3.9 mixed)",Quick one. How does Masters Pipeline Services Ltd currently handle enquiry intake and quoting when the team is stretched?
101,61,DAMM Environmental,b2b industrial,0141 810 2460,landline,"Phone, then email a one-pager","Tue-Thu, 09:00-10:30","works manager, general manager or director","Shop-floor businesses rarely buy on a first call. Open on trade credibility - quoting turnaround, drawing handling, enquiry tracking - not on Google reviews, which this sector does not collect. Expect two or three touches.","Hillington, Glasgow",Drainage & Environmental Services,"Drainage, water removal, environmental services",20,3.6,,unknown - website discovery not run,91,"reach[landline]=15/25 segment[b2b industrial]=10/25 demand=28/30 (20 reviews, 92% of b2b industrial) reputation=8/20 (3.6 mixed)","Quick one. When someone contacts DAMM Environmental outside working hours, what happens to that enquiry?"
102,60,Broadway Engineering Limited,b2b industrial,0117 965 7585,landline,"Phone, then email a one-pager","Tue-Thu, 09:00-10:30","works manager, general manager or director","Shop-floor businesses rarely buy on a first call. Open on trade credibility - quoting turnaround, drawing handling, enquiry tracking - not on Google reviews, which this sector does not collect. Expect two or three touches.",Bristol,Industrial Engineering,General engineering,11,4.2,,unknown - website discovery not run,91,"reach[landline]=15/25 segment[b2b industrial]=10/25 demand=23/30 (11 reviews, 77% of b2b industrial) reputation=12/20 (4.2 good)",Quick one. How does Broadway Engineering Limited currently handle enquiry intake and quoting when the team is stretched?
103,60,Wilsons Engineering Ltd,b2b industrial,0117 947 4390,landline,"Phone, then email a one-pager","Tue-Thu, 09:00-10:30","works manager, general manager or director","Shop-floor businesses rarely buy on a first call. Open on trade credibility - quoting turnaround, drawing handling, enquiry tracking - not on Google reviews, which this sector does not collect. Expect two or three touches.","Warmley, Bristol",Industrial Engineering,Custom engineering and fabrication,7,4.7,,unknown - website discovery not run,91,"reach[landline]=15/25 segment[b2b industrial]=10/25 demand=19/30 (7 reviews, 63% of b2b industrial) reputation=16/20 (4.7 strong)",Quick one. How does Wilsons Engineering Ltd currently handle enquiry intake and quoting when the team is stretched?
104,60,Pipeline & Construction Supplies Ltd,b2b industrial,023 8042 8284,landline,"Phone, then email a one-pager","Tue-Thu, 09:00-10:30","works manager, general manager or director","Shop-floor businesses rarely buy on a first call. Open on trade credibility - quoting turnaround, drawing handling, enquiry tracking - not on Google reviews, which this sector does not collect. Expect two or three touches.","Marchwood, Southampton",Pipeline Supplies,Pipeline and construction materials supply,7,4.7,,unknown - website discovery not run,91,"reach[landline]=15/25 segment[b2b industrial]=10/25 demand=19/30 (7 reviews, 63% of b2b industrial) reputation=16/20 (4.7 strong)",Quick one. How does Pipeline & Construction Supplies Ltd currently handle enquiry intake and quoting when the team is stretched?
105,60,Energy and Technical Services Ltd,commercial trade,0117 379 0850,landline,"Office phone, follow up by email","Tue-Thu, 09:00-11:00",contracts manager or operations manager,"An admin will screen. Ask for the person who handles incoming enquiries by role, not by name you do not have. Angle on service contracts and planned maintenance scheduling.","Pill, Bristol",Energy Consultancy & Maintenance,Energy project consultancy,4,4.8,,unknown - website discovery not run,91,"reach[landline]=15/25 segment[commercial trade]=20/25 demand=5/30 (4 reviews, 17% of commercial trade) reputation=20/20 (4.8 excellent)","Quick one. When someone contacts Energy and Technical Services Ltd outside working hours, what happens to that enquiry?"
106,60,ADC Energy Ltd,commercial trade,01224 209123,landline,"Office phone, follow up by email","Tue-Thu, 09:00-11:00",contracts manager or operations manager,"An admin will screen. Ask for the person who handles incoming enquiries by role, not by name you do not have. Angle on service contracts and planned maintenance scheduling.","Queen's Rd, Aberdeen",Energy Consultancy,Energy consultancy services,4,5.0,,unknown - website discovery not run,91,"reach[landline]=15/25 segment[commercial trade]=20/25 demand=5/30 (4 reviews, 17% of commercial trade) reputation=20/20 (5.0 excellent)","Quick one. When someone contacts ADC Energy Ltd outside working hours, what happens to that enquiry?"
107,60,FPP Scotland Ltd,b2b industrial,0141 882 6200,landline,"Phone, then email a one-pager","Tue-Thu, 09:00-10:30","works manager, general manager or director","Shop-floor businesses rarely buy on a first call. Open on trade credibility - quoting turnaround, drawing handling, enquiry tracking - not on Google reviews, which this sector does not collect. Expect two or three touches.","Hillington, Glasgow",Pipeline & Building Supplies,Pipeline and construction materials supply,7,4.7,,unknown - website discovery not run,91,"reach[landline]=15/25 segment[b2b industrial]=10/25 demand=19/30 (7 reviews, 63% of b2b industrial) reputation=16/20 (4.7 strong)",Quick one. How does FPP Scotland Ltd currently handle enquiry intake and quoting when the team is stretched?
108,60,D&A Oil Tanks,domestic trade,01580 715762,landline,"Office phone, follow up by email","Tue-Thu, 09:00-11:00 or 16:00-17:00",the owner or whoever books the diary,"Landline means an office with someone on the desk - often a partner or part-time admin. They are the gatekeeper and also the person whose workload you are offering to cut, so make them the ally.","Cranbrook, Kent",Oil Infrastructure Services,Oil tank replacement and installation,4,4.8,,unknown - website discovery not run,91,"reach[landline]=15/25 segment[domestic trade]=25/25 demand=0/30 (4 reviews, 1% of domestic trade) reputation=20/20 (4.8 excellent)","Quick one. When a customer rings D&A Oil Tanks to order fuel out of hours, what happens to that enquiry?"
109,59,Shire Fuels Ltd,fuel distribution,01594 738139,landline,Phone the depot,"Mon-Thu, 10:00-11:30",depot manager or general manager,"Avoid early morning - drivers and deliveries dominate. Angle on order-taking and delivery scheduling: winter peaks bury them in phone orders. Skip cold weather snaps, they will have no time to talk.","Cinderford, Gloucestershire",Oil Distribution,Heating oil delivery,10,5.0,,unknown - website discovery not run,91,"reach[landline]=15/25 segment[fuel distribution]=15/25 demand=9/30 (10 reviews, 30% of fuel distribution) reputation=20/20 (5.0 excellent)","Quick one. When a customer rings Shire Fuels Ltd to order fuel out of hours, what happens to that enquiry?"
110,59,Anglesey Oil Ltd / Olew Mon Cyf,fuel distribution,01248 421641,landline,Phone the depot,"Mon-Thu, 10:00-11:30",depot manager or general manager,"Avoid early morning - drivers and deliveries dominate. Angle on order-taking and delivery scheduling: winter peaks bury them in phone orders. Skip cold weather snaps, they will have no time to talk.","Gaerwen, Anglesey",Oil Distribution,Heating oil delivery,23,4.7,,unknown - website discovery not run,91,"reach[landline]=15/25 segment[fuel distribution]=15/25 demand=13/30 (23 reviews, 42% of fuel distribution) reputation=16/20 (4.7 strong)","Quick one. When a customer rings Anglesey Oil Ltd / Olew Mon Cyf to order fuel out of hours, what happens to that enquiry?"
111,59,Swire Energy Services,energy major,01224 872707,landline,LinkedIn only - do not cold call,"Tue-Thu, business hours",digital / IT manager or communications lead,"Procurement gates all supplier spend and they almost certainly retain an agency. A cold call reaches a receptionist and burns the name. Approach a named individual on LinkedIn with a specific observation, or deprioritise entirely.",Aberdeen,Energy Equipment & Services,"Offshore containers, energy equipment services",10,5.0,,unknown - website discovery not run,91,"reach[landline]=15/25 segment[energy major]=2/25 demand=22/30 (10 reviews, 73% of energy major) reputation=20/20 (5.0 excellent)","Quick one. When someone contacts Swire Energy Services outside working hours, what happens to that enquiry?"
112,58,United Fuels,fuel distribution,01756 691222,landline,Phone the depot,"Mon-Thu, 10:00-11:30",depot manager or general manager,"Avoid early morning - drivers and deliveries dominate. Angle on order-taking and delivery scheduling: winter peaks bury them in phone orders. Skip cold weather snaps, they will have no time to talk.","Skipton, N Yorkshire",Oil Distribution,Heating oil delivery,55,3.8,,unknown - website discovery not run,91,"reach[landline]=15/25 segment[fuel distribution]=15/25 demand=20/30 (55 reviews, 67% of fuel distribution) reputation=8/20 (3.8 mixed)","Quick one. When a customer rings United Fuels to order fuel out of hours, what happens to that enquiry?"
113,58,Southern Fuels Ltd,fuel distribution,01404 831775,landline,Phone the depot,"Mon-Thu, 10:00-11:30",depot manager or general manager,"Avoid early morning - drivers and deliveries dominate. Angle on order-taking and delivery scheduling: winter peaks bury them in phone orders. Skip cold weather snaps, they will have no time to talk.","Honiton, Devon",Oil Distribution,Heating oil delivery,18,4.5,,unknown - website discovery not run,91,"reach[landline]=15/25 segment[fuel distribution]=15/25 demand=12/30 (18 reviews, 39% of fuel distribution) reputation=16/20 (4.5 strong)","Quick one. When a customer rings Southern Fuels Ltd to order fuel out of hours, what happens to that enquiry?"
114,58,LV Fuel and Oil Tank Services,domestic trade,0800 799 9739,non-geographic,"LinkedIn or email, not the phone","Tue-Thu, 09:00-11:00",owner / operations lead by name,0800/03 number means a switchboard will screen you. Find the decision maker on LinkedIn first and reference something specific about their operation.,"Fellbeck, N Yorkshire",Oil Infrastructure Services,"Oil tank replacement, fuel services",41,5.0,,unknown - website discovery not run,91,"reach[non-geographic]=5/25 segment[domestic trade]=25/25 demand=8/30 (41 reviews, 28% of domestic trade) reputation=20/20 (5.0 excellent)","Quick one. When a customer rings LV Fuel and Oil Tank Services to order fuel out of hours, what happens to that enquiry?"
115,58,B&S Pipeline Solutions Ltd,b2b industrial,01343 821775,landline,"Phone, then email a one-pager","Tue-Thu, 09:00-10:30","works manager, general manager or director","Shop-floor businesses rarely buy on a first call. Open on trade credibility - quoting turnaround, drawing handling, enquiry tracking - not on Google reviews, which this sector does not collect. Expect two or three touches.","Fochabers, Moray",Pipeline & Drainage Services,"Drainage clearance, pipeline solutions",6,4.5,,unknown - website discovery not run,91,"reach[landline]=15/25 segment[b2b industrial]=10/25 demand=17/30 (6 reviews, 58% of b2b industrial) reputation=16/20 (4.5 strong)",Quick one. How does B&S Pipeline Solutions Ltd currently handle enquiry intake and quoting when the team is stretched?
116,58,A E T Ltd (Advanced Engineering Techniques),b2b industrial,0114 247 5725,landline,"Phone, then email a one-pager","Tue-Thu, 09:00-10:30","works manager, general manager or director","Shop-floor businesses rarely buy on a first call. Open on trade credibility - quoting turnaround, drawing handling, enquiry tracking - not on Google reviews, which this sector does not collect. Expect two or three touches.","Holbrook, Sheffield",Industrial Engineering,Special steel products manufacturing,8,4.4,,unknown - website discovery not run,91,"reach[landline]=15/25 segment[b2b industrial]=10/25 demand=21/30 (8 reviews, 70% of b2b industrial) reputation=12/20 (4.4 good)",Quick one. How does A E T Ltd (Advanced Engineering Techniques) currently handle enquiry intake and quoting when the team is stretched?
117,58,Neptune E&P UK,energy major,01224 281000,landline,LinkedIn only - do not cold call,"Tue-Thu, business hours",digital / IT manager or communications lead,"Procurement gates all supplier spend and they almost certainly retain an agency. A cold call reaches a receptionist and burns the name. Approach a named individual on LinkedIn with a specific observation, or deprioritise entirely.",Aberdeen,Oil & Gas Exploration/Production,North Sea exploration and production,12,4.7,,unknown - website discovery not run,91,"reach[landline]=15/25 segment[energy major]=2/25 demand=25/30 (12 reviews, 83% of energy major) reputation=16/20 (4.7 strong)","Quick one. When a customer rings Neptune E&P UK to order fuel out of hours, what happens to that enquiry?"
118,57,Geoff Boorman Fuels,fuel distribution,01732 863834,landline,Phone the depot,"Mon-Thu, 10:00-11:30",depot manager or general manager,"Avoid early morning - drivers and deliveries dominate. Angle on order-taking and delivery scheduling: winter peaks bury them in phone orders. Skip cold weather snaps, they will have no time to talk.","Edenbridge, Kent",Oil Distribution,Heating oil delivery,53,3.0,,unknown - website discovery not run,91,"reach[landline]=15/25 segment[fuel distribution]=15/25 demand=19/30 (53 reviews, 64% of fuel distribution) reputation=8/20 (3.0 mixed)","Quick one. When a customer rings Geoff Boorman Fuels to order fuel out of hours, what happens to that enquiry?"
119,57,Adapt Gas Solutions Limited,commercial trade,0161 526 5588,landline,"Office phone, follow up by email","Tue-Thu, 09:00-11:00",contracts manager or operations manager,"An admin will screen. Ask for the person who handles incoming enquiries by role, not by name you do not have. Angle on service contracts and planned maintenance scheduling.","Denton, Manchester",Commercial Gas Services,Commercial gas / FM services,2,5.0,,unknown - website discovery not run,91,"reach[landline]=15/25 segment[commercial trade]=20/25 demand=2/30 (2 reviews, 6% of commercial trade) reputation=20/20 (5.0 excellent)","Quick one. When someone contacts Adapt Gas Solutions Limited outside working hours, what happens to that enquiry?"
120,57,Yorkshire Oils Ltd,fuel distribution,01423 396789,landline,Phone the depot,"Mon-Thu, 10:00-11:30",depot manager or general manager,"Avoid early morning - drivers and deliveries dominate. Angle on order-taking and delivery scheduling: winter peaks bury them in phone orders. Skip cold weather snaps, they will have no time to talk.","Boroughbridge, N Yorkshire",Oil Distribution,Heating oil delivery,9,5.0,,unknown - website discovery not run,91,"reach[landline]=15/25 segment[fuel distribution]=15/25 demand=7/30 (9 reviews, 23% of fuel distribution) reputation=20/20 (5.0 excellent)","Quick one. When a customer rings Yorkshire Oils Ltd to order fuel out of hours, what happens to that enquiry?"
121,57,Your NRG Yorkshire,fuel distribution,01904 409700,landline,Phone the depot,"Mon-Thu, 10:00-11:30",depot manager or general manager,"Avoid early morning - drivers and deliveries dominate. Angle on order-taking and delivery scheduling: winter peaks bury them in phone orders. Skip cold weather snaps, they will have no time to talk.","Elvington, York",Oil Distribution,Heating oil supply,35,4.3,,unknown - website discovery not run,91,"reach[landline]=15/25 segment[fuel distribution]=15/25 demand=15/30 (35 reviews, 52% of fuel distribution) reputation=12/20 (4.3 good)","Quick one. When a customer rings Your NRG Yorkshire to order fuel out of hours, what happens to that enquiry?"
122,57,Ekspan Limited,b2b industrial,0114 261 1126,landline,"Phone, then email a one-pager","Tue-Thu, 09:00-10:30","works manager, general manager or director","Shop-floor businesses rarely buy on a first call. Open on trade credibility - quoting turnaround, drawing handling, enquiry tracking - not on Google reviews, which this sector does not collect. Expect two or three touches.",Sheffield,Industrial Engineering / Manufacturing,"Precision manufacturing, reverse engineering",4,5.0,,unknown - website discovery not run,91,"reach[landline]=15/25 segment[b2b industrial]=10/25 demand=12/30 (4 reviews, 40% of b2b industrial) reputation=20/20 (5.0 excellent)",Quick one. How does Ekspan Limited currently handle enquiry intake and quoting when the team is stretched?
123,57,Coltech Precision Engineering,b2b industrial,0114 242 4281,landline,"Phone, then email a one-pager","Tue-Thu, 09:00-10:30","works manager, general manager or director","Shop-floor businesses rarely buy on a first call. Open on trade credibility - quoting turnaround, drawing handling, enquiry tracking - not on Google reviews, which this sector does not collect. Expect two or three touches.",Sheffield,Precision Engineering,Precision engineering services,4,5.0,,unknown - website discovery not run,91,"reach[landline]=15/25 segment[b2b industrial]=10/25 demand=12/30 (4 reviews, 40% of b2b industrial) reputation=20/20 (5.0 excellent)",Quick one. How does Coltech Precision Engineering currently handle enquiry intake and quoting when the team is stretched?
124,57,Engineering CFD Ltd,commercial trade,0114 296 1005,landline,"Office phone, follow up by email","Tue-Thu, 09:00-11:00",contracts manager or operations manager,"An admin will screen. Ask for the person who handles incoming enquiries by role, not by name you do not have. Angle on service contracts and planned maintenance scheduling.",Sheffield,Engineering Consultancy,Computational fluid dynamics consultancy,2,5.0,,unknown - website discovery not run,91,"reach[landline]=15/25 segment[commercial trade]=20/25 demand=2/30 (2 reviews, 6% of commercial trade) reputation=20/20 (5.0 excellent)","Quick one. When someone contacts Engineering CFD Ltd outside working hours, what happens to that enquiry?"
125,57,Jarman W T & Sons,fuel distribution,01570 422434,landline,Phone the depot,"Mon-Thu, 10:00-11:30",depot manager or general manager,"Avoid early morning - drivers and deliveries dominate. Angle on order-taking and delivery scheduling: winter peaks bury them in phone orders. Skip cold weather snaps, they will have no time to talk.","Lampeter, Ceredigion",Oil Distribution,Heating oil delivery,9,4.9,,unknown - website discovery not run,91,"reach[landline]=15/25 segment[fuel distribution]=15/25 demand=7/30 (9 reviews, 23% of fuel distribution) reputation=20/20 (4.9 excellent)","Quick one. When a customer rings Jarman W T & Sons to order fuel out of hours, what happens to that enquiry?"
126,57,Bracebridge Engineering Ltd,b2b industrial,0121 331 1503,landline,"Phone, then email a one-pager","Tue-Thu, 09:00-10:30","works manager, general manager or director","Shop-floor businesses rarely buy on a first call. Open on trade credibility - quoting turnaround, drawing handling, enquiry tracking - not on Google reviews, which this sector does not collect. Expect two or three touches.","Perry Barr, Birmingham",Industrial Engineering / Manufacturing,Engineering manufacturing,4,5.0,,unknown - website discovery not run,91,"reach[landline]=15/25 segment[b2b industrial]=10/25 demand=12/30 (4 reviews, 40% of b2b industrial) reputation=20/20 (5.0 excellent)",Quick one. How does Bracebridge Engineering Ltd currently handle enquiry intake and quoting when the team is stretched?
127,57,Propbrook Engineering Ltd,b2b industrial,0121 359 7097,landline,"Phone, then email a one-pager","Tue-Thu, 09:00-10:30","works manager, general manager or director","Shop-floor businesses rarely buy on a first call. Open on trade credibility - quoting turnaround, drawing handling, enquiry tracking - not on Google reviews, which this sector does not collect. Expect two or three touches.",Birmingham,Precision Engineering,Precision engineering manufacturing,4,5.0,,unknown - website discovery not run,91,"reach[landline]=15/25 segment[b2b industrial]=10/25 demand=12/30 (4 reviews, 40% of b2b industrial) reputation=20/20 (5.0 excellent)",Quick one. How does Propbrook Engineering Ltd currently handle enquiry intake and quoting when the team is stretched?
128,57,Wilco Manufacturing Ltd,b2b industrial,0121 772 6212,landline,"Phone, then email a one-pager","Tue-Thu, 09:00-10:30","works manager, general manager or director","Shop-floor businesses rarely buy on a first call. Open on trade credibility - quoting turnaround, drawing handling, enquiry tracking - not on Google reviews, which this sector does not collect. Expect two or three touches.","Tyseley, Birmingham",Industrial Manufacturing,Manufacturing and supply,4,5.0,,unknown - website discovery not run,91,"reach[landline]=15/25 segment[b2b industrial]=10/25 demand=12/30 (4 reviews, 40% of b2b industrial) reputation=20/20 (5.0 excellent)","Quick one. When someone contacts Wilco Manufacturing Ltd outside working hours, what happens to that enquiry?"
129,57,Edmar Engineering Company Ltd,b2b industrial,0121 327 1022,landline,"Phone, then email a one-pager","Tue-Thu, 09:00-10:30","works manager, general manager or director","Shop-floor businesses rarely buy on a first call. Open on trade credibility - quoting turnaround, drawing handling, enquiry tracking - not on Google reviews, which this sector does not collect. Expect two or three touches.",Birmingham,Industrial Engineering,Engineering services,4,4.8,,unknown - website discovery not run,91,"reach[landline]=15/25 segment[b2b industrial]=10/25 demand=12/30 (4 reviews, 40% of b2b industrial) reputation=20/20 (4.8 excellent)",Quick one. How does Edmar Engineering Company Ltd currently handle enquiry intake and quoting when the team is stretched?
130,57,Conway Precision Engineering,b2b industrial,0121 327 2301,landline,"Phone, then email a one-pager","Tue-Thu, 09:00-10:30","works manager, general manager or director","Shop-floor businesses rarely buy on a first call. Open on trade credibility - quoting turnaround, drawing handling, enquiry tracking - not on Google reviews, which this sector does not collect. Expect two or three touches.",Birmingham,Precision Engineering,Precision engineering manufacturing,4,4.8,,unknown - website discovery not run,91,"reach[landline]=15/25 segment[b2b industrial]=10/25 demand=12/30 (4 reviews, 40% of b2b industrial) reputation=20/20 (4.8 excellent)",Quick one. How does Conway Precision Engineering currently handle enquiry intake and quoting when the team is stretched?
131,56,Moorland Fuels,fuel distribution,01837 55700,landline,Phone the depot,"Mon-Thu, 10:00-11:30",depot manager or general manager,"Avoid early morning - drivers and deliveries dominate. Angle on order-taking and delivery scheduling: winter peaks bury them in phone orders. Skip cold weather snaps, they will have no time to talk.","Okehampton, Devon",Oil Distribution,Heating oil delivery,46,3.8,,unknown - website discovery not run,91,"reach[landline]=15/25 segment[fuel distribution]=15/25 demand=18/30 (46 reviews, 61% of fuel distribution) reputation=8/20 (3.8 mixed)","Quick one. When a customer rings Moorland Fuels to order fuel out of hours, what happens to that enquiry?"
132,55,Commercial Gas Ltd,commercial trade,0141 891 5315,landline,"Office phone, follow up by email","Tue-Thu, 09:00-11:00",contracts manager or operations manager,"An admin will screen. Ask for the person who handles incoming enquiries by role, not by name you do not have. Angle on service contracts and planned maintenance scheduling.","Hillington, Glasgow",Commercial Gas Engineering,Commercial gas services,,,,unknown - website discovery not run,91,reach[landline]=15/25 segment[commercial trade]=20/25 demand=12/30 (no review data) reputation=8/20 (no rating),"Quick one. When someone contacts Commercial Gas Ltd outside working hours, what happens to that enquiry?"
133,55,Pipework Fabrication Services Ltd,b2b industrial,07903 144555,mobile,"Phone, then email a one-pager","Tue-Thu, 09:00-10:30","works manager, general manager or director","Shop-floor businesses rarely buy on a first call. Open on trade credibility - quoting turnaround, drawing handling, enquiry tracking - not on Google reviews, which this sector does not collect. Expect two or three touches.","Sandbach, Cheshire",Industrial Pipe Fabrication,Pipework fabrication and supply,,,,unknown - website discovery not run,91,reach[mobile]=25/25 segment[b2b industrial]=10/25 demand=12/30 (no review data) reputation=8/20 (no rating),Quick one. How does Pipework Fabrication Services Ltd currently handle enquiry intake and quoting when the team is stretched?
134,53,Aztec Oils Southwest,fuel distribution,01626 835046,landline,Phone the depot,"Mon-Thu, 10:00-11:30",depot manager or general manager,"Avoid early morning - drivers and deliveries dominate. Angle on order-taking and delivery scheduling: winter peaks bury them in phone orders. Skip cold weather snaps, they will have no time to talk.","Newton Abbot, Devon",Oil Distribution,Fuel oil supply and delivery,9,4.6,,unknown - website discovery not run,91,"reach[landline]=15/25 segment[fuel distribution]=15/25 demand=7/30 (9 reviews, 23% of fuel distribution) reputation=16/20 (4.6 strong)","Quick one. When a customer rings Aztec Oils Southwest to order fuel out of hours, what happens to that enquiry?"
135,53,Advanced Engineering (UK) Ltd,b2b industrial,0121 523 4363,landline,"Phone, then email a one-pager","Tue-Thu, 09:00-10:30","works manager, general manager or director","Shop-floor businesses rarely buy on a first call. Open on trade credibility - quoting turnaround, drawing handling, enquiry tracking - not on Google reviews, which this sector does not collect. Expect two or three touches.",Birmingham,Industrial Engineering / Manufacturing,Engineering manufacturing,5,4.2,,unknown - website discovery not run,91,"reach[landline]=15/25 segment[b2b industrial]=10/25 demand=16/30 (5 reviews, 52% of b2b industrial) reputation=12/20 (4.2 good)",Quick one. How does Advanced Engineering (UK) Ltd currently handle enquiry intake and quoting when the team is stretched?
136,53,Pipe Services Fabrication Ltd (PSFL),b2b industrial,020 8858 2626,landline,"Phone, then email a one-pager","Tue-Thu, 09:00-10:30","works manager, general manager or director","Shop-floor businesses rarely buy on a first call. Open on trade credibility - quoting turnaround, drawing handling, enquiry tracking - not on Google reviews, which this sector does not collect. Expect two or three touches.",London SE7,Industrial Pipe Fabrication,Pipe fabrication and supply,5,4.0,,unknown - website discovery not run,91,"reach[landline]=15/25 segment[b2b industrial]=10/25 demand=16/30 (5 reviews, 52% of b2b industrial) reputation=12/20 (4.0 good)",Quick one. How does Pipe Services Fabrication Ltd (PSFL) currently handle enquiry intake and quoting when the team is stretched?
137,52,Kernow Oils Ltd,fuel distribution,01736 757002,landline,Phone the depot,"Mon-Thu, 10:00-11:30",depot manager or general manager,"Avoid early morning - drivers and deliveries dominate. Angle on order-taking and delivery scheduling: winter peaks bury them in phone orders. Skip cold weather snaps, they will have no time to talk.","Hayle, Cornwall",Industrial Lubricants Distribution,Fluids and lubrication supply for industrial use,1,5.0,,unknown - website discovery not run,91,"reach[landline]=15/25 segment[fuel distribution]=15/25 demand=2/30 (1 reviews, 6% of fuel distribution) reputation=20/20 (5.0 excellent)","Quick one. When a customer rings Kernow Oils Ltd to order fuel out of hours, what happens to that enquiry?"
138,52,Lubricants SW Limited,fuel distribution,01822 855885,landline,Phone the depot,"Mon-Thu, 10:00-11:30",depot manager or general manager,"Avoid early morning - drivers and deliveries dominate. Angle on order-taking and delivery scheduling: winter peaks bury them in phone orders. Skip cold weather snaps, they will have no time to talk.","Yelverton, Devon",Industrial Lubricants Manufacturing,Lubricant manufacturing and supply,1,5.0,,unknown - website discovery not run,91,"reach[landline]=15/25 segment[fuel distribution]=15/25 demand=2/30 (1 reviews, 6% of fuel distribution) reputation=20/20 (5.0 excellent)","Quick one. When someone contacts Lubricants SW Limited outside working hours, what happens to that enquiry?"
139,52,Rix Petroleum - North Yorkshire,fuel distribution,01944 728243,landline,Phone the depot,"Mon-Thu, 10:00-11:30",depot manager or general manager,"Avoid early morning - drivers and deliveries dominate. Angle on order-taking and delivery scheduling: winter peaks bury them in phone orders. Skip cold weather snaps, they will have no time to talk.","Malton, N Yorkshire",Oil Distribution,Heating oil and fuel delivery,1,5.0,,unknown - website discovery not run,91,"reach[landline]=15/25 segment[fuel distribution]=15/25 demand=2/30 (1 reviews, 6% of fuel distribution) reputation=20/20 (5.0 excellent)","Quick one. When a customer rings Rix Petroleum - North Yorkshire to order fuel out of hours, what happens to that enquiry?"
140,52,Oil 4 Wales Llantrisant,fuel distribution,01443 800820,landline,Phone the depot,"Mon-Thu, 10:00-11:30",depot manager or general manager,"Avoid early morning - drivers and deliveries dominate. Angle on order-taking and delivery scheduling: winter peaks bury them in phone orders. Skip cold weather snaps, they will have no time to talk.","Pontyclun, RCT",Oil Distribution,Heating oil and fuel supply,30,3.5,,unknown - website discovery not run,91,"reach[landline]=15/25 segment[fuel distribution]=15/25 demand=14/30 (30 reviews, 45% of fuel distribution) reputation=8/20 (3.5 mixed)","Quick one. When a customer rings Oil 4 Wales Llantrisant to order fuel out of hours, what happens to that enquiry?"
141,52,Brand Mechanical Engineering Ltd,b2b industrial,0121 327 6622,landline,"Phone, then email a one-pager","Tue-Thu, 09:00-10:30","works manager, general manager or director","Shop-floor businesses rarely buy on a first call. Open on trade credibility - quoting turnaround, drawing handling, enquiry tracking - not on Google reviews, which this sector does not collect. Expect two or three touches.",Birmingham,Mechanical Engineering,Precision mechanical engineering,3,5.0,,unknown - website discovery not run,91,"reach[landline]=15/25 segment[b2b industrial]=10/25 demand=7/30 (3 reviews, 23% of b2b industrial) reputation=20/20 (5.0 excellent)","Quick one. When someone contacts Brand Mechanical Engineering Ltd outside working hours, what happens to that enquiry?"
142,52,Shaw Pipework and Fabrication,b2b industrial,020 4541 2201,landline,"Phone, then email a one-pager","Tue-Thu, 09:00-10:30","works manager, general manager or director","Shop-floor businesses rarely buy on a first call. Open on trade credibility - quoting turnaround, drawing handling, enquiry tracking - not on Google reviews, which this sector does not collect. Expect two or three touches.","Stalybridge, Manchester",Industrial Pipe Fabrication,Pipework fabrication and installation,3,5.0,,unknown - website discovery not run,91,"reach[landline]=15/25 segment[b2b industrial]=10/25 demand=7/30 (3 reviews, 23% of b2b industrial) reputation=20/20 (5.0 excellent)",Quick one. How does Shaw Pipework and Fabrication currently handle enquiry intake and quoting when the team is stretched?
143,52,Humphreys Pipe Fabricators Limited,b2b industrial,01279 436623,landline,"Phone, then email a one-pager","Tue-Thu, 09:00-10:30","works manager, general manager or director","Shop-floor businesses rarely buy on a first call. Open on trade credibility - quoting turnaround, drawing handling, enquiry tracking - not on Google reviews, which this sector does not collect. Expect two or three touches.","Harlow, Essex",Industrial Pipe Fabrication,Pipe fabrication services,3,5.0,,unknown - website discovery not run,91,"reach[landline]=15/25 segment[b2b industrial]=10/25 demand=7/30 (3 reviews, 23% of b2b industrial) reputation=20/20 (5.0 excellent)",Quick one. How does Humphreys Pipe Fabricators Limited currently handle enquiry intake and quoting when the team is stretched?
144,52,Projects and Maintenance Ltd,b2b industrial,01268 288754,landline,"Phone, then email a one-pager","Tue-Thu, 09:00-10:30","works manager, general manager or director","Shop-floor businesses rarely buy on a first call. Open on trade credibility - quoting turnaround, drawing handling, enquiry tracking - not on Google reviews, which this sector does not collect. Expect two or three touches.","Basildon, Essex",Industrial Maintenance Contracting,Pipework projects and maintenance,3,5.0,,unknown - website discovery not run,91,"reach[landline]=15/25 segment[b2b industrial]=10/25 demand=7/30 (3 reviews, 23% of b2b industrial) reputation=20/20 (5.0 excellent)","Quick one. When someone contacts Projects and Maintenance Ltd outside working hours, what happens to that enquiry?"
145,52,Fuel Oils (Holdings) Ltd - Erith,fuel distribution,01322 349035,landline,Phone the depot,"Mon-Thu, 10:00-11:30",depot manager or general manager,"Avoid early morning - drivers and deliveries dominate. Angle on order-taking and delivery scheduling: winter peaks bury them in phone orders. Skip cold weather snaps, they will have no time to talk.","Erith, Kent",Oil & Fuel Distribution,Heating oil and fuel delivery,14,4.4,,unknown - website discovery not run,91,"reach[landline]=15/25 segment[fuel distribution]=15/25 demand=10/30 (14 reviews, 33% of fuel distribution) reputation=12/20 (4.4 good)","Quick one. When a customer rings Fuel Oils (Holdings) Ltd - Erith to order fuel out of hours, what happens to that enquiry?"
146,52,Spirit Energy,energy major,01224 415000,landline,LinkedIn only - do not cold call,"Tue-Thu, business hours",digital / IT manager or communications lead,"Procurement gates all supplier spend and they almost certainly retain an agency. A cold call reaches a receptionist and burns the name. Approach a named individual on LinkedIn with a specific observation, or deprioritise entirely.",Aberdeen,Oil & Gas Exploration/Production,Oil and gas exploration and production,20,3.8,,unknown - website discovery not run,91,"reach[landline]=15/25 segment[energy major]=2/25 demand=27/30 (20 reviews, 90% of energy major) reputation=8/20 (3.8 mixed)","Quick one. When a customer rings Spirit Energy to order fuel out of hours, what happens to that enquiry?"
147,51,CAN (Offshore) Ltd,energy major,01224 870100,landline,LinkedIn only - do not cold call,"Tue-Thu, business hours",digital / IT manager or communications lead,"Procurement gates all supplier spend and they almost certainly retain an agency. A cold call reaches a receptionist and burns the name. Approach a named individual on LinkedIn with a specific observation, or deprioritise entirely.",Aberdeen,Offshore Engineering Services,"Offshore inspection, maintenance, access",10,4.1,,unknown - website discovery not run,91,"reach[landline]=15/25 segment[energy major]=2/25 demand=22/30 (10 reviews, 73% of energy major) reputation=12/20 (4.1 good)",Quick one. How much time does the team at CAN (Offshore) Ltd lose to manual admin and internal coordination each week?
148,50,North Sea Energy Services Ltd,energy major,07515 382130,mobile,LinkedIn only - do not cold call,"Tue-Thu, business hours",digital / IT manager or communications lead,"Procurement gates all supplier spend and they almost certainly retain an agency. A cold call reaches a receptionist and burns the name. Approach a named individual on LinkedIn with a specific observation, or deprioritise entirely.","Dyce, Aberdeen",Oilfield Services / Manufacturing,North Sea energy support services,1,5.0,,unknown - website discovery not run,91,"reach[mobile]=25/25 segment[energy major]=2/25 demand=3/30 (1 reviews, 10% of energy major) reputation=20/20 (5.0 excellent)","Quick one. When a customer rings North Sea Energy Services Ltd to order fuel out of hours, what happens to that enquiry?"
149,50,Wyse Oil Ltd,fuel distribution,01233 714217,landline,Phone the depot,"Mon-Thu, 10:00-11:30",depot manager or general manager,"Avoid early morning - drivers and deliveries dominate. Angle on order-taking and delivery scheduling: winter peaks bury them in phone orders. Skip cold weather snaps, they will have no time to talk.","Charing, Ashford, Kent",Oil Distribution,Heating oil supply,,,,unknown - website discovery not run,91,reach[landline]=15/25 segment[fuel distribution]=15/25 demand=12/30 (no review data) reputation=8/20 (no rating),"Quick one. When a customer rings Wyse Oil Ltd to order fuel out of hours, what happens to that enquiry?"
150,49,Heartland Pipelines Limited,b2b industrial,01952 260505,landline,"Phone, then email a one-pager","Tue-Thu, 09:00-10:30","works manager, general manager or director","Shop-floor businesses rarely buy on a first call. Open on trade credibility - quoting turnaround, drawing handling, enquiry tracking - not on Google reviews, which this sector does not collect. Expect two or three touches.",Telford,Pipeline Contracting,"Water pipeline installation, directional drilling",2,5.0,,unknown - website discovery not run,91,"reach[landline]=15/25 segment[b2b industrial]=10/25 demand=4/30 (2 reviews, 13% of b2b industrial) reputation=20/20 (5.0 excellent)",Quick one. How does Heartland Pipelines Limited currently handle enquiry intake and quoting when the team is stretched?
151,49,Rix Petroleum - Yorkshire & Humber,fuel distribution,01482 407006,landline,Phone the depot,"Mon-Thu, 10:00-11:30",depot manager or general manager,"Avoid early morning - drivers and deliveries dominate. Angle on order-taking and delivery scheduling: winter peaks bury them in phone orders. Skip cold weather snaps, they will have no time to talk.",Hull,Oil Distribution,Heating oil and fuel delivery,15,3.4,,unknown - website discovery not run,91,"reach[landline]=15/25 segment[fuel distribution]=15/25 demand=11/30 (15 reviews, 36% of fuel distribution) reputation=8/20 (3.4 mixed)","Quick one. When a customer rings Rix Petroleum - Yorkshire & Humber to order fuel out of hours, what happens to that enquiry?"
152,49,Abbey Pipework Fabricators Ltd,b2b industrial,01268 526723,landline,"Phone, then email a one-pager","Tue-Thu, 09:00-10:30","works manager, general manager or director","Shop-floor businesses rarely buy on a first call. Open on trade credibility - quoting turnaround, drawing handling, enquiry tracking - not on Google reviews, which this sector does not collect. Expect two or three touches.","Basildon, Essex",Industrial Pipe Fabrication,Pipework fabrication,2,5.0,,unknown - website discovery not run,91,"reach[landline]=15/25 segment[b2b industrial]=10/25 demand=4/30 (2 reviews, 13% of b2b industrial) reputation=20/20 (5.0 excellent)",Quick one. How does Abbey Pipework Fabricators Ltd currently handle enquiry intake and quoting when the team is stretched?
153,49,Pipeline Services (UK) Ltd,b2b industrial,01623 740074,landline,"Phone, then email a one-pager","Tue-Thu, 09:00-10:30","works manager, general manager or director","Shop-floor businesses rarely buy on a first call. Open on trade credibility - quoting turnaround, drawing handling, enquiry tracking - not on Google reviews, which this sector does not collect. Expect two or three touches.","Shirebrook, Mansfield",Pipeline Contracting,Pipeline installation and maintenance,4,4.3,,unknown - website discovery not run,91,"reach[landline]=15/25 segment[b2b industrial]=10/25 demand=12/30 (4 reviews, 40% of b2b industrial) reputation=12/20 (4.3 good)",Quick one. How does Pipeline Services (UK) Ltd currently handle enquiry intake and quoting when the team is stretched?
154,49,Oil 4 Wales (Milford Haven),domestic trade,01646 692255,landline,"Office phone, follow up by email","Tue-Thu, 09:00-11:00 or 16:00-17:00",the owner or whoever books the diary,"Landline means an office with someone on the desk - often a partner or part-time admin. They are the gatekeeper and also the person whose workload you are offering to cut, so make them the ally.","Milford Haven, Pembrokeshire",Oil Distribution & Boiler Services,"Heating oil, boiler service and engineering",5,3.4,,unknown - website discovery not run,91,"reach[landline]=15/25 segment[domestic trade]=25/25 demand=1/30 (5 reviews, 2% of domestic trade) reputation=8/20 (3.4 mixed)","Quick one. When a customer rings Oil 4 Wales (Milford Haven) to order fuel out of hours, what happens to that enquiry?"
155,48,T T S Precision Engineering Ltd,b2b industrial,0114 243 4708,landline,"Phone, then email a one-pager","Tue-Thu, 09:00-10:30","works manager, general manager or director","Shop-floor businesses rarely buy on a first call. Open on trade credibility - quoting turnaround, drawing handling, enquiry tracking - not on Google reviews, which this sector does not collect. Expect two or three touches.",Sheffield,Precision Engineering,Precision engineering services,3,4.7,,unknown - website discovery not run,91,"reach[landline]=15/25 segment[b2b industrial]=10/25 demand=7/30 (3 reviews, 23% of b2b industrial) reputation=16/20 (4.7 strong)",Quick one. How does T T S Precision Engineering Ltd currently handle enquiry intake and quoting when the team is stretched?
156,48,Willand Engineering Company Ltd,b2b industrial,01422 369000,landline,"Phone, then email a one-pager","Tue-Thu, 09:00-10:30","works manager, general manager or director","Shop-floor businesses rarely buy on a first call. Open on trade credibility - quoting turnaround, drawing handling, enquiry tracking - not on Google reviews, which this sector does not collect. Expect two or three touches.",Halifax,Industrial Engineering / Fabrication,"Stainless steel fabrication, tank installation",3,4.7,,unknown - website discovery not run,91,"reach[landline]=15/25 segment[b2b industrial]=10/25 demand=7/30 (3 reviews, 23% of b2b industrial) reputation=16/20 (4.7 strong)",Quick one. How does Willand Engineering Company Ltd currently handle enquiry intake and quoting when the team is stretched?
157,48,CNR International UK Ltd,energy major,01224 303600,landline,LinkedIn only - do not cold call,"Tue-Thu, business hours",digital / IT manager or communications lead,"Procurement gates all supplier spend and they almost certainly retain an agency. A cold call reaches a receptionist and burns the name. Approach a named individual on LinkedIn with a specific observation, or deprioritise entirely.",Aberdeen,Oil & Gas Exploration/Production,North Sea oil and gas operations,8,4.3,,unknown - website discovery not run,91,"reach[landline]=15/25 segment[energy major]=2/25 demand=19/30 (8 reviews, 63% of energy major) reputation=12/20 (4.3 good)","Quick one. When a customer rings CNR International UK Ltd to order fuel out of hours, what happens to that enquiry?"
158,47,HV Energy Systems Ltd,b2b industrial,01454 550424,landline,"Phone, then email a one-pager","Tue-Thu, 09:00-10:30","works manager, general manager or director","Shop-floor businesses rarely buy on a first call. Open on trade credibility - quoting turnaround, drawing handling, enquiry tracking - not on Google reviews, which this sector does not collect. Expect two or three touches.","Yate, Bristol",Energy Systems Engineering,Energy systems services,1,5.0,,unknown - website discovery not run,91,"reach[landline]=15/25 segment[b2b industrial]=10/25 demand=2/30 (1 reviews, 6% of b2b industrial) reputation=20/20 (5.0 excellent)","Quick one. When someone contacts HV Energy Systems Ltd outside working hours, what happens to that enquiry?"
159,47,Majestic Engineering,b2b industrial,0114 256 1459,landline,"Phone, then email a one-pager","Tue-Thu, 09:00-10:30","works manager, general manager or director","Shop-floor businesses rarely buy on a first call. Open on trade credibility - quoting turnaround, drawing handling, enquiry tracking - not on Google reviews, which this sector does not collect. Expect two or three touches.","Darnall, Sheffield",Industrial Engineering,Precision manufacturing,1,5.0,,unknown - website discovery not run,91,"reach[landline]=15/25 segment[b2b industrial]=10/25 demand=2/30 (1 reviews, 6% of b2b industrial) reputation=20/20 (5.0 excellent)",Quick one. How does Majestic Engineering currently handle enquiry intake and quoting when the team is stretched?
160,47,Ewen Precision Engineering,b2b industrial,0114 242 3332,landline,"Phone, then email a one-pager","Tue-Thu, 09:00-10:30","works manager, general manager or director","Shop-floor businesses rarely buy on a first call. Open on trade credibility - quoting turnaround, drawing handling, enquiry tracking - not on Google reviews, which this sector does not collect. Expect two or three touches.","Tinsley, Sheffield",Precision Engineering,"Precision component manufacturing, ISO accredited",1,5.0,,unknown - website discovery not run,91,"reach[landline]=15/25 segment[b2b industrial]=10/25 demand=2/30 (1 reviews, 6% of b2b industrial) reputation=20/20 (5.0 excellent)",Quick one. How does Ewen Precision Engineering currently handle enquiry intake and quoting when the team is stretched?
161,47,Pipeline Drillers Ltd,b2b industrial,01560 482021,landline,"Phone, then email a one-pager","Tue-Thu, 09:00-10:30","works manager, general manager or director","Shop-floor businesses rarely buy on a first call. Open on trade credibility - quoting turnaround, drawing handling, enquiry tracking - not on Google reviews, which this sector does not collect. Expect two or three touches.","Stewarton, Kilmarnock",Pipeline Contracting,Pipeline drilling services,1,5.0,,unknown - website discovery not run,91,"reach[landline]=15/25 segment[b2b industrial]=10/25 demand=2/30 (1 reviews, 6% of b2b industrial) reputation=20/20 (5.0 excellent)",Quick one. How does Pipeline Drillers Ltd currently handle enquiry intake and quoting when the team is stretched?
162,47,Pipe Services Ltd,b2b industrial,020 8311 2111,landline,"Phone, then email a one-pager","Tue-Thu, 09:00-10:30","works manager, general manager or director","Shop-floor businesses rarely buy on a first call. Open on trade credibility - quoting turnaround, drawing handling, enquiry tracking - not on Google reviews, which this sector does not collect. Expect two or three touches.","Belvedere, Kent",Pipeline Supplies,Pipe supply and services,1,5.0,,unknown - website discovery not run,91,"reach[landline]=15/25 segment[b2b industrial]=10/25 demand=2/30 (1 reviews, 6% of b2b industrial) reputation=20/20 (5.0 excellent)",Quick one. How does Pipe Services Ltd currently handle enquiry intake and quoting when the team is stretched?
163,46,Oil States Industries (UK) Ltd,energy major,01224 290000,landline,LinkedIn only - do not cold call,"Tue-Thu, business hours",digital / IT manager or communications lead,"Procurement gates all supplier spend and they almost certainly retain an agency. A cold call reaches a receptionist and burns the name. Approach a named individual on LinkedIn with a specific observation, or deprioritise entirely.","Nigg, Aberdeen",Oilfield Equipment Manufacturing,Offshore oilfield equipment,4,4.0,,unknown - website discovery not run,91,"reach[landline]=15/25 segment[energy major]=2/25 demand=17/30 (4 reviews, 57% of energy major) reputation=12/20 (4.0 good)","Quick one. When a customer rings Oil States Industries (UK) Ltd to order fuel out of hours, what happens to that enquiry?"
164,46,Ithaca Energy,energy major,01224 334000,landline,LinkedIn only - do not cold call,"Tue-Thu, business hours",digital / IT manager or communications lead,"Procurement gates all supplier spend and they almost certainly retain an agency. A cold call reaches a receptionist and burns the name. Approach a named individual on LinkedIn with a specific observation, or deprioritise entirely.","Hill of Rubislaw, Aberdeen",Oil & Gas Exploration/Production,North Sea oil and gas production,3,4.7,,unknown - website discovery not run,91,"reach[landline]=15/25 segment[energy major]=2/25 demand=13/30 (3 reviews, 43% of energy major) reputation=16/20 (4.7 strong)","Quick one. When a customer rings Ithaca Energy to order fuel out of hours, what happens to that enquiry?"
165,45,Helix Oilfield Services Ltd,energy major,01224 240190,landline,LinkedIn only - do not cold call,"Tue-Thu, business hours",digital / IT manager or communications lead,"Procurement gates all supplier spend and they almost certainly retain an agency. A cold call reaches a receptionist and burns the name. Approach a named individual on LinkedIn with a specific observation, or deprioritise entirely.","Torry, Aberdeen",Oilfield Services,Oilfield support services,2,5.0,,unknown - website discovery not run,91,"reach[landline]=15/25 segment[energy major]=2/25 demand=8/30 (2 reviews, 27% of energy major) reputation=20/20 (5.0 excellent)","Quick one. When a customer rings Helix Oilfield Services Ltd to order fuel out of hours, what happens to that enquiry?"
166,45,Total Pipeline Technology Ltd,b2b industrial,0141 428 3908,landline,"Phone, then email a one-pager","Tue-Thu, 09:00-10:30","works manager, general manager or director","Shop-floor businesses rarely buy on a first call. Open on trade credibility - quoting turnaround, drawing handling, enquiry tracking - not on Google reviews, which this sector does not collect. Expect two or three touches.","Blantyre, Glasgow",Pipeline Technology / Manufacturing,Pipeline technology and equipment,,,,unknown - website discovery not run,91,reach[landline]=15/25 segment[b2b industrial]=10/25 demand=12/30 (no review data) reputation=8/20 (no rating),Quick one. How does Total Pipeline Technology Ltd currently handle enquiry intake and quoting when the team is stretched?
167,45,Cornerstone Oil & Gas Ltd,energy major,01224 466718,landline,LinkedIn only - do not cold call,"Tue-Thu, business hours",digital / IT manager or communications lead,"Procurement gates all supplier spend and they almost certainly retain an agency. A cold call reaches a receptionist and burns the name. Approach a named individual on LinkedIn with a specific observation, or deprioritise entirely.","Hill of Rubislaw, Aberdeen",Oil & Gas Services,Oil and gas services,2,5.0,,unknown - website discovery not run,91,"reach[landline]=15/25 segment[energy major]=2/25 demand=8/30 (2 reviews, 27% of energy major) reputation=20/20 (5.0 excellent)","Quick one. When a customer rings Cornerstone Oil & Gas Ltd to order fuel out of hours, what happens to that enquiry?"
168,43,Watson Fuels York,fuel distribution,01757 248220,landline,Phone the depot,"Mon-Thu, 10:00-11:30",depot manager or general manager,"Avoid early morning - drivers and deliveries dominate. Angle on order-taking and delivery scheduling: winter peaks bury them in phone orders. Skip cold weather snaps, they will have no time to talk.","Riccall, York",Oil Distribution,Heating oil delivery,5,3.4,,unknown - website discovery not run,91,"reach[landline]=15/25 segment[fuel distribution]=15/25 demand=5/30 (5 reviews, 17% of fuel distribution) reputation=8/20 (3.4 mixed)","Quick one. When a customer rings Watson Fuels York to order fuel out of hours, what happens to that enquiry?"
169,43,Pipeline Energy Solutions Ltd,b2b industrial,0800 069 9404,non-geographic,"LinkedIn or email, not the phone","Tue-Thu, 09:00-11:00",owner / operations lead by name,0800/03 number means a switchboard will screen you. Find the decision maker on LinkedIn first and reference something specific about their operation.,Paisley,Gas Pipeline Contracting,"Gas mains replacement, excavation",5,4.2,,unknown - website discovery not run,91,"reach[non-geographic]=5/25 segment[b2b industrial]=10/25 demand=16/30 (5 reviews, 52% of b2b industrial) reputation=12/20 (4.2 good)",Quick one. How does Pipeline Energy Solutions Ltd currently handle enquiry intake and quoting when the team is stretched?
170,42,Australis Distribution,fuel distribution,0845 456 0639,non-geographic,"LinkedIn or email, not the phone","Tue-Thu, 09:00-11:00",owner / operations lead by name,0800/03 number means a switchboard will screen you. Find the decision maker on LinkedIn first and reference something specific about their operation.,"Bethersden, Ashford, Kent",Fuel Distribution,Fuel distribution and supply,1,5.0,,unknown - website discovery not run,91,"reach[non-geographic]=5/25 segment[fuel distribution]=15/25 demand=2/30 (1 reviews, 6% of fuel distribution) reputation=20/20 (5.0 excellent)","Quick one. When a customer rings Australis Distribution to order fuel out of hours, what happens to that enquiry?"
171,42,Lionrock Energy Services Ltd,energy major,01224 680299,landline,LinkedIn only - do not cold call,"Tue-Thu, business hours",digital / IT manager or communications lead,"Procurement gates all supplier spend and they almost certainly retain an agency. A cold call reaches a receptionist and burns the name. Approach a named individual on LinkedIn with a specific observation, or deprioritise entirely.","Dyce, Aberdeen",Oilfield Services,Energy support services,3,4.3,,unknown - website discovery not run,91,"reach[landline]=15/25 segment[energy major]=2/25 demand=13/30 (3 reviews, 43% of energy major) reputation=12/20 (4.3 good)","Quick one. When a customer rings Lionrock Energy Services Ltd to order fuel out of hours, what happens to that enquiry?"
172,40,Aberdeen Oilfield Services,energy major,01224 875500,landline,LinkedIn only - do not cold call,"Tue-Thu, business hours",digital / IT manager or communications lead,"Procurement gates all supplier spend and they almost certainly retain an agency. A cold call reaches a receptionist and burns the name. Approach a named individual on LinkedIn with a specific observation, or deprioritise entirely.",Aberdeen,Oilfield Services,Oilfield support services,1,5.0,,unknown - website discovery not run,91,"reach[landline]=15/25 segment[energy major]=2/25 demand=3/30 (1 reviews, 10% of energy major) reputation=20/20 (5.0 excellent)","Quick one. When a customer rings Aberdeen Oilfield Services to order fuel out of hours, what happens to that enquiry?"
173,40,JCW Energy Services,energy major,0117 952 2571,landline,LinkedIn only - do not cold call,"Tue-Thu, business hours",digital / IT manager or communications lead,"Procurement gates all supplier spend and they almost certainly retain an agency. A cold call reaches a receptionist and burns the name. Approach a named individual on LinkedIn with a specific observation, or deprioritise entirely.",Bristol,Energy Services,Energy services,1,5.0,,unknown - website discovery not run,91,"reach[landline]=15/25 segment[energy major]=2/25 demand=3/30 (1 reviews, 10% of energy major) reputation=20/20 (5.0 excellent)","Quick one. When someone contacts JCW Energy Services outside working hours, what happens to that enquiry?"
174,39,Fuel Oils (Holdings) Ltd - Canterbury,fuel distribution,01227 464282,landline,Phone the depot,"Mon-Thu, 10:00-11:30",depot manager or general manager,"Avoid early morning - drivers and deliveries dominate. Angle on order-taking and delivery scheduling: winter peaks bury them in phone orders. Skip cold weather snaps, they will have no time to talk.","Canterbury, Kent",Oil & Fuel Distribution,Heating oil delivery,3,2.3,,unknown - website discovery not run,91,"reach[landline]=15/25 segment[fuel distribution]=15/25 demand=4/30 (3 reviews, 14% of fuel distribution) reputation=5/20 (2.3 poor)","Quick one. When a customer rings Fuel Oils (Holdings) Ltd - Canterbury to order fuel out of hours, what happens to that enquiry?"
175,38,Zenith Energy,energy major,01224 460100,landline,LinkedIn only - do not cold call,"Tue-Thu, business hours",digital / IT manager or communications lead,"Procurement gates all supplier spend and they almost certainly retain an agency. A cold call reaches a receptionist and burns the name. Approach a named individual on LinkedIn with a specific observation, or deprioritise entirely.","Bon-Accord Square, Aberdeen",Oil & Gas Operations,Oil and gas operations,3,3.0,,unknown - website discovery not run,91,"reach[landline]=15/25 segment[energy major]=2/25 demand=13/30 (3 reviews, 43% of energy major) reputation=8/20 (3.0 mixed)","Quick one. When a customer rings Zenith Energy to order fuel out of hours, what happens to that enquiry?"
176,37,Aquaterra Energy Aberdeen Ltd,energy major,01224 651250,landline,LinkedIn only - do not cold call,"Tue-Thu, business hours",digital / IT manager or communications lead,"Procurement gates all supplier spend and they almost certainly retain an agency. A cold call reaches a receptionist and burns the name. Approach a named individual on LinkedIn with a specific observation, or deprioritise entirely.",Aberdeen,Offshore Engineering,Offshore engineering solutions,,,,unknown - website discovery not run,91,reach[landline]=15/25 segment[energy major]=2/25 demand=12/30 (no review data) reputation=8/20 (no rating),Quick one. How much time does the team at Aquaterra Energy Aberdeen Ltd lose to manual admin and internal coordination each week?
